C_T1,CO_F1,O_T2,OM_F2,M_T3,Ms_F3,s_T4,sG_F4,G_T5,GR_F5,R_T6,RA_F6,A_T7,AN_F7,N_T8,ND_F8,D_T9,DE_F9,E_T10,ES_F10,S_T11,Ss_F11,s_T12,sP_F12,P_T13,PO_F13,O_T14,OD_F14,D_15,DE_F15,E_T16,ER_F16,R_T18,RE_F18,ET_19,ES_F19,S_T20,Ss_F20,s_T21,sV_F21,V_T22,VE_F22,E_T23,EM_F23,M_T24,Ms_F24,s_T25,sG_F25,G_T26,GR_F26,R_T28,RA_F28,A_T29,AN_F29,N_T30,ND_F30,D_T31,DE_F31,E_T32,ES_F32,S_T33,Ss_F33,s_T34,sR_F34,R_T35,RE_F35,E_T36,ES_F36,S_T38,SP_F38,P_T39,PO_F39,O_T40,ON_F40,N_T41,NS_F41,S_T42,SA_F42,A_T43,AB_F43,B_T44,BI_F44,I_T45,IL_F45,L_T46,LI_F46,I_T47,ID_F47,D_T48,DA_F48,A_T49,AD_F49,D_T50,DE_F50,E_T51,ES_F51,S_T51,CLASS
-0.115,-0.998,-0.131,-0.496,-0.102,-0.816,-0.064,-0.854,-0.088,-0.713,-0.099,-0.738,-0.091,-0.626,-0.095,-0.758,-0.088,-0.676,-0.105,-0.695,-0.121,-0.661,-0.103,-1.326,-1.487,-0.037,-0.16,-0.704,-0.146,-0.544,-0.128,-0.6,-0.133,-0.461,-0.116,-0.588,-0.144,-0.657,-0.093,-0.592,-0.092,-0.545,-0.095,-0.661,-0.056,-0.578,-0.075,-0.464,-0.097,-0.501,-0.083,-0.574,-0.088,-0.617,-0.076,-0.553,-0.084,-0.569,-0.088,-0.68,-0.072,-0.542,-0.099,-0.555,-0.111,-0.564,-0.1,-0.713,-0.077,-0.455,-0.105,-0.345,-0.087,-0.533,-0.087,-0.43,-0.099,-0.41,-0.088,-0.825,-0.083,-0.477,-0.108,-0.348,-0.112,-0.393,-0.108,-0.305,-0.115,-0.705,-0.138,-0.371,-0.1,-0.393,-0.108,-0.439,-0.07,3
-0.091,-0.493,-0.083,-0.461,-0.085,-0.404,-0.079,-0.429,-0.104,-0.349,-0.079,-0.474,-0.092,-0.399,-0.073,-0.377,-0.092,-0.375,-0.102,-0.52,-0.08,-0.425,-0.055,-0.345,-0.133,-0.288,-0.076,-0.385,-0.078,-0.353,-0.125,-0.428,-0.072,-0.354,-0.111,-0.352,-0.093,-0.428,-0.092,-0.414,-0.096,-0.748,-0.092,-0.332,-0.073,-0.368,-0.073,-0.3,-0.088,-0.328,-0.093,-0.453,-0.091,-0.369,-0.08,-0.296,-0.095,-0.419,-0.099,-0.341,-0.084,-0.396,-0.08,-0.337,-0.112,-0.279,-0.092,-0.33,-0.084,-0.268,-0.152,-0.225,-0.075,-0.25,-0.091,-0.705,-0.157,-0.793,-0.096,-0.685,-0.067,-0.478,-0.092,-0.477,-0.092,-0.428,-0.097,-0.4,-0.113,-0.345,-0.119,-0.345,-0.088,-0.349,-0.093,-0.384,-0.069,3
-0.092,-0.412,-0.128,-0.354,-0.074,-0.462,-0.072,-0.393,-0.092,-0.415,-0.125,-0.362,-0.079,-0.4,-0.081,-0.449,-0.077,-0.403,-0.072,-0.477,-0.084,-0.389,-0.076,-0.46,-0.093,-0.397,-0.08,-0.441,-0.096,-0.365,-0.096,-0.437,-0.103,-0.333,-0.088,-0.485,-0.088,-0.369,-0.083,-0.323,-0.095,-0.412,-0.089,-0.459,-0.138,-0.347,-0.072,-0.35,-0.144,-0.273,-0.12,-0.557,-0.113,-0.374,-0.086,-0.352,-0.115,-0.303,-0.119,-0.405,-0.092,-0.384,-0.064,-0.41,-0.111,-0.306,-0.099,-0.353,-0.105,-0.379,-0.137,-0.32,-0.093,-0.452,-0.051,-0.39,-0.281,-0.351,-0.092,-0.542,-0.084,-0.312,-0.108,-0.297,-0.132,-0.385,-0.071,-0.328,-0.145,-0.3,-0.08,-0.325,-0.12,-0.333,-0.108,-0.397,-0.076,3
-0.092,-0.317,-0.132,-0.341,-0.068,-0.328,-0.077,-0.352,-0.105,-0.215,-0.104,-0.417,-0.096,-0.369,-0.068,-0.368,-0.121,-0.393,-0.087,-0.336,-0.072,-0.074,-0.095,-0.404,-0.081,-0.357,-0.111,-0.509,-0.1,-0.321,-0.136,-0.589,-0.093,-0.26,-0.132,-0.376,-0.103,-0.435,-0.063,-0.458,-0.092,-0.437,-0.075,-0.496,-0.07,-0.404,-0.063,-0.458,-0.091,-0.381,-0.076,-0.409,-0.083,-0.441,-0.096,-0.425,-0.08,-0.349,-0.104,-0.412,-0.07,-0.447,-0.052,-0.434,-0.083,-0.325,-0.113,-0.387,-0.08,-0.875,-0.126,-0.286,-0.096,-0.4,-0.088,-0.377,-0.522,-0.067,-0.107,-0.426,-0.079,-0.304,-0.121,-0.38,-0.136,-0.333,-0.107,-0.309,-0.129,-0.321,-0.115,-0.237,-0.124,-0.3,-0.096,-0.341,-0.059,3
-0.087,-0.416,-0.101,-0.381,-0.103,-0.429,-0.08,-0.437,-0.116,-0.405,-0.059,-0.489,-0.085,-0.464,-0.052,-0.409,-0.067,-0.405,-0.087,-0.394,-0.076,-0.389,-0.08,-0.348,-0.105,-0.352,-0.088,-0.399,-0.077,-0.361,-0.093,-0.432,-0.096,-0.332,-0.105,-0.431,-0.106,-0.409,-0.063,-0.332,-0.102,-0.391,-0.071,-0.382,-0.088,-0.361,-0.076,-0.415,-0.097,-0.358,-0.079,-0.337,-0.083,-0.353,-0.092,-0.385,-0.08,-0.341,-0.089,-0.367,-0.085,-0.38,-0.063,-0.335,-0.123,-0.292,-0.116,-0.429,-0.077,-0.331,-0.089,-0.276,-0.088,-0.405,-0.084,-0.316,-0.148,-0.287,-0.073,-0.365,-0.072,-0.36,-0.084,-0.369,-0.093,-0.364,-0.099,-0.289,-0.116,-0.289,-0.08,-0.252,-0.096,-0.428,-0.084,-0.305,-0.06,3
-0.103,-0.036,-0.173,-0.038,-0.086,-0.179,-0.08,-0.115,-0.167,-0.044,-0.116,-0.164,-0.093,-0.052,-0.092,-0.075,-0.2,-0.036,-0.116,-0.192,-0.077,-0.06,-0.085,-0.152,-0.243,-0.052,-0.119,-0.073,-0.157,-0.055,-0.128,-0.113,-0.185,-0.036,-0.088,-0.145,-0.115,-0.109,-0.087,-0.101,-0.197,-0.028,-0.107,-0.08,-0.072,-0.303,-0.071,-0.056,-0.135,-0.045,-0.096,-0.181,-0.084,-0.077,-0.075,-0.085,-0.157,-0.044,-0.103,-0.185,-0.08,-0.048,-0.087,-0.121,-0.182,-0.052,-0.095,-0.165,-0.068,-0.056,-0.112,-0.083,-0.052,-0.04,-0.1,-0.033,-0.093,-0.073,-0.108,-0.264,-0.085,-0.04,-0.095,-0.19,-0.06,-0.152,-0.063,-0.033,-0.109,-0.019,-0.099,-0.077,-0.095,-0.13,-0.08,-0.231,-0.052,1
-0.104,-0.041,-0.132,-0.044,-0.087,-0.141,-0.084,-0.052,-0.113,-0.044,-0.088,-0.153,-0.099,-0.068,-0.081,-0.019,-0.091,-0.04,-0.092,-0.137,-0.193,-0.003,-0.088,-0.1,-0.152,-0.063,-0.042,-0.023,-0.017,-0.059,-0.123,-0.087,-0.144,-0.04,-0.092,-0.142,-0.083,-0.068,-0.08,-0.112,-0.167,-0.032,-0.1,-0.045,-0.068,-0.141,-0.071,-0.027,-0.08,-0.041,-0.093,-0.168,-0.06,-0.048,-0.064,-0.1,-0.152,-0.04,-0.096,-0.14,-0.08,-0.023,-0.09,-0.048,-0.103,-0.033,-0.069,-0.129,-0.063,-0.052,-0.096,-0.072,-0.064,-0.035,-0.057,-0.003,-0.065,-0.075,-0.095,-0.191,-0.074,-0.02,-0.073,-0.136,-0.056,-0.125,-0.176,-0.003,-0.065,-0.028,-0.104,-0.045,-0.129,-0.028,-0.087,-0.161,-0.068,1
-0.104,-0.024,-0.112,-0.044,-0.092,-0.132,-0.092,-0.04,-0.08,-0.044,-0.087,-0.139,-0.079,-0.04,-0.076,-0.032,-0.071,-0.053,-0.113,-0.141,-0.102,-0.073,-0.109,-0.18,-0.245,-0.047,-0.119,-0.016,-0.064,-0.049,-0.121,-0.064,-0.156,-0.016,-0.076,-0.191,-0.076,-0.147,-0.087,-0.117,-0.184,-0.035,-0.1,-0.048,-0.064,-0.136,-0.072,-0.017,-0.061,-0.036,-0.08,-0.152,-0.076,-0.052,-0.075,-0.021,-0.077,-0.047,-0.103,-0.133,-0.076,-0.028,-0.101,-0.072,-0.139,-0.037,-0.081,-0.115,-0.068,-0.033,-0.049,-0.1,-0.032,-0.045,-0.044,-0.016,-0.056,-0.06,-0.096,-0.196,-0.071,-0.005,-0.08,-0.145,-0.067,-0.108,-0.162,-0.019,-0.039,-0.034,-0.109,-0.008,-0.116,-0.012,-0.104,-0.161,-0.059,1
-0.092,-0.072,-0.128,-0.04,-0.088,-0.117,-0.193,-0.004,-0.053,-0.047,-0.079,-0.129,-0.084,-0.043,-0.076,-0.048,-0.116,-0.044,-0.092,-0.128,-0.192,-0.004,-0.085,-0.108,-0.153,-0.074,-0.012,-0.044,-0.008,-0.06,-0.124,-0.073,-0.145,-0.036,-0.076,-0.121,-0.072,-0.072,-0.076,-0.072,-0.125,-0.035,-0.105,-0.002,-0.065,-0.132,-0.061,0,-0.047,-0.036,-0.084,-0.141,-0.085,-0.043,-0.072,-0.015,-0.071,-0.061,-0.101,-0.136,-0.076,-0.02,-0.08,-0.069,-0.133,-0.032,-0.068,-0.104,-0.068,-0.015,-0.055,-0.088,-0.005,-0.051,-0.021,-0.031,-0.024,-0.052,-0.08,-0.214,-0.068,-0.024,-0.071,-0.153,-0.055,-0.107,-0.158,-0.007,-0.045,-0.031,-0.099,-0.029,-0.105,-0.035,-0.104,-0.139,-0.065,1
-0.084,-0.033,-0.105,-0.056,-0.084,-0.161,-0.092,-0.061,-0.129,-0.039,-0.083,-0.136,-0.076,-0.041,-0.067,-0.05,-0.093,-0.056,-0.1,-0.12,-0.071,-0.004,-0.085,-0.093,-0.133,-0.067,-0.033,-0.035,-0.009,-0.056,-0.116,-0.071,-0.135,-0.041,-0.085,-0.125,-0.06,-0.044,-0.072,-0.056,-0.108,-0.039,-0.105,0,-0.06,-0.116,-0.18,-0.003,-0.045,-0.048,-0.088,-0.136,-0.081,-0.03,-0.081,-0.046,-0.081,-0.032,-0.103,-0.137,-0.075,-0.004,-0.093,-0.061,-0.133,-0.031,-0.075,-0.121,-0.069,-0.079,-0.098,-0.08,-0.074,-0.109,-0.004,-0.04,-0.044,-0.048,-0.073,-0.175,-0.065,-0.003,-0.076,-0.141,-0.06,-0.104,-0.064,-0.001,-0.037,-0.023,-0.108,-0.012,-0.112,-0.001,-0.086,-0.157,-0.048,1
-0.076,-0.019,-0.08,-0.04,-0.092,-0.413,-0.047,-0.951,-1.015,-0.055,-0.108,-0.104,-0.088,-0.035,-0.074,-0.02,-0.076,-0.048,-0.1,-0.373,-0.068,-0.533,-0.06,-0.993,-1.069,-0.06,-0.137,-0.031,-0.083,-0.048,-0.129,-0.059,-0.127,-0.044,-0.088,-0.109,-0.064,-0.525,-0.064,-0.978,-1.07,-0.029,-0.087,-0.04,-0.06,-0.165,-0.06,-0.754,-0.792,-0.041,-0.088,-0.112,-0.088,-0.065,-0.073,-0.011,-0.047,-0.048,-0.104,-0.121,-0.06,-0.136,-0.055,-0.926,-0.99,-0.045,-0.084,-0.104,-0.069,-0.019,-0.039,-0.08,-0.036,-0.049,-0.104,-0.001,-0.028,-0.056,-0.12,-0.206,-0.059,-0.1,-0.069,-0.14,-0.055,-0.101,-0.158,-0.014,-0.029,-0.036,-0.104,-0.02,-0.088,-0.028,-0.084,-0.225,-0.055,2
-0.088,-0.003,-0.072,-0.064,-0.113,-0.46,-0.064,-1.105,-1.166,-0.056,-0.1,-0.115,-0.08,-0.045,-0.072,-0.033,-0.084,-0.041,-0.1,-0.49,-0.052,-0.52,-0.052,-0.974,-1.021,-0.045,-0.133,-0.011,-0.083,-0.04,-0.124,-0.029,-0.092,-0.041,-0.095,-0.111,-0.059,-0.542,-0.06,-0.993,-1.052,-0.041,-0.108,-0.06,-0.074,-0.54,-0.068,-0.801,-0.89,-0.031,-0.071,-0.129,-0.068,-0.068,-0.067,-0.02,-0.084,-0.04,-0.092,-0.132,-0.065,-0.521,-0.067,-0.449,-0.501,-0.057,-0.092,-0.102,-0.071,-0.032,-0.052,-0.117,-0.001,-0.062,-0.029,-0.012,-0.067,-0.049,-0.1,-0.149,-0.076,-0.024,-0.065,-0.127,-0.064,-0.096,-0.141,-0.02,-0.035,-0.036,-0.112,-0.009,-0.076,-0.041,-0.106,-0.16,-0.084,2
-0.104,-0.02,-0.076,-0.036,-0.091,-0.434,-0.068,-0.513,-0.589,-0.06,-0.095,-0.113,-0.084,-0.065,-0.073,-0.022,-0.071,-0.052,-0.1,-0.12,-0.064,-0.145,-0.087,-1.255,-1.311,-0.063,-0.147,-0.053,-0.113,-0.048,-0.127,-0.016,-0.105,-0.032,-0.083,-0.11,-0.068,-0.527,-0.053,-0.823,-0.89,-0.031,-0.095,-0.064,-0.08,-0.726,-0.059,-0.902,-0.953,-0.048,-0.092,-0.133,-0.072,-0.045,-0.068,-0.016,-0.067,-0.032,-0.096,-0.138,-0.058,-0.535,-0.062,-0.654,-0.721,-0.049,-0.084,-0.1,-0.072,-0.081,-0.092,-0.078,-0.055,-0.053,-0.096,-0.016,-0.08,-0.056,-0.104,-0.473,-0.073,-0.045,-0.066,-0.108,-0.068,-0.084,-0.132,-0.032,-0.015,-0.041,-0.121,-0.004,-0.069,-0.044,-0.099,-0.105,-0.059,2
-0.116,-0.039,-0.083,-0.06,-0.112,-0.433,-0.069,-0.704,-0.792,-0.04,-0.083,-0.146,-0.1,-0.059,-0.076,-0.04,-0.108,-0.056,-0.101,-0.128,-0.071,-0.538,-0.064,-0.765,-0.808,-0.057,-0.154,-0.003,-0.04,-0.052,-0.132,-0.024,-0.124,-0.036,-0.08,-0.164,-0.072,-0.472,-0.068,-0.758,-0.842,-0.049,-0.1,-0.277,-0.068,-0.564,-0.073,-0.625,-0.676,-0.048,-0.096,-0.145,-0.101,-0.112,-0.076,-0.031,-0.092,-0.059,-0.104,-0.144,-0.067,-0.521,-0.092,-0.846,-0.917,-0.057,-0.089,-0.117,-0.067,-0.036,-0.064,-0.073,-0.036,-0.039,-0.056,-0.016,-0.057,-0.067,-0.107,-0.662,-0.08,-0.06,-0.065,-0.123,-0.061,-0.096,-0.132,-0.035,-0.016,-0.04,-0.12,-0.004,-0.076,-0.045,-0.093,-0.108,-0.06,2
-0.06,-0.019,-0.067,-0.025,-0.081,-1.305,-0.052,-0.694,-0.741,-0.027,-0.071,-0.093,-0.077,-0.024,-0.06,-0.029,-0.113,-0.022,-0.083,-0.113,-0.064,-0.16,-0.059,-1.242,-1.256,-0.057,-0.048,-0.019,-0.025,-0.039,-0.12,-0.019,-0.1,-0.028,-0.072,-0.1,-0.06,-0.069,-0.068,-1.505,-1.561,-0.028,-0.1,-0.04,-0.068,-0.121,-0.056,-0.869,-0.908,-0.041,-0.089,-0.096,-0.068,-0.048,-0.108,-0.011,-0.033,-0.048,-0.088,-0.108,-0.067,-0.1,-0.066,-1.088,-1.137,-0.044,-0.076,-0.083,-0.073,-0.001,-0.031,-0.128,-0.008,-0.065,-0.019,-0.028,-0.024,-0.059,-0.1,-0.136,-0.067,-0.082,-0.072,-0.525,-0.075,-0.105,-0.08,-0.004,-0.056,-0.031,-0.099,-0.005,-0.11,-0.015,-0.062,-0.313,-0.048,2
-0.131,-0.149,-0.095,-0.289,-0.12,-0.412,-0.133,-0.268,-0.104,-0.161,-0.095,-0.077,-0.132,-0.16,-0.096,-0.132,-0.213,-0.044,-0.152,-0.252,-0.117,-0.104,-0.116,-0.598,-0.079,-0.129,-0.083,-0.186,-0.393,-0.036,-0.145,-0.1,-0.1,-0.012,-0.137,-0.288,-0.075,-0.12,-0.137,-0.176,-0.092,-0.124,-0.145,-0.064,-0.076,-0.124,-0.084,-0.192,-0.089,-0.152,-0.096,-0.076,-0.144,-0.157,-0.092,-0.144,-0.196,-0.016,-0.165,-0.22,-0.092,-0.136,-0.12,-0.533,-0.092,-0.08,-0.128,-0.153,-0.108,-0.288,-0.416,-0.06,-0.105,-0.212,-0.092,-0.104,-0.116,-0.233,-0.357,-0.012,-0.088,-0.176,-0.104,-0.234,-0.079,-0.188,-0.073,-0.308,-0.096,-0.06,-0.144,-0.02,-0.089,-0.123,-0.089,-0.093,-0.151,5
-0.159,-0.104,-0.105,-0.232,-0.068,-0.152,-0.112,-0.24,-0.1,-0.197,-0.092,-0.148,-0.136,-0.189,-0.088,-0.146,-0.146,-0.164,-0.112,-0.17,-0.152,-0.028,-0.095,-0.325,-0.468,-0.04,-0.1,-0.052,-0.222,-0.027,-0.144,-0.06,-0.16,-0.003,-0.103,-0.172,-0.077,-0.084,-0.185,-0.46,-0.08,-0.061,-0.131,-0.084,-0.073,-0.132,-0.075,-0.185,-0.088,-0.161,-0.083,-0.128,-0.129,-0.188,-0.081,-0.127,-0.16,-0.181,-0.12,-0.204,-0.132,-0.048,-0.097,-0.239,-0.104,-0.072,-0.105,-0.188,-0.1,-0.328,-0.428,-0.077,-0.125,-0.236,-0.088,-0.152,-0.1,-0.177,-0.108,-0.097,-0.072,-0.236,-0.091,-0.184,-0.084,-0.134,-0.075,-0.289,-0.079,-0.052,-0.156,-0.028,-0.068,-0.117,-0.072,-0.068,-0.117,5
-0.126,-0.085,-0.099,-0.208,-0.08,-0.132,-0.088,-0.242,-0.095,-0.181,-0.091,-0.16,-0.12,-0.173,-0.101,-0.167,-0.128,-0.173,-0.136,-0.212,-0.121,-0.015,-0.096,-0.337,-0.469,-0.068,-0.128,-0.113,-0.301,-0.028,-0.148,-0.136,-0.104,-0.06,-0.125,-0.192,-0.12,-0.004,-0.108,-0.168,-0.092,-0.08,-0.136,-0.086,-0.075,-0.129,-0.072,-0.179,-0.085,-0.156,-0.088,-0.093,-0.131,-0.212,-0.1,-0.108,-0.146,-0.168,-0.115,-0.197,-0.091,-0.089,-0.113,-0.228,-0.107,-0.068,-0.129,-0.225,-0.148,-0.207,-0.328,-0.053,-0.116,-0.216,-0.105,-0.111,-0.156,-0.173,-0.145,-0.18,-0.075,-1.93,-0.081,-0.145,-0.072,-0.108,-0.067,-0.241,-0.084,-0.04,-0.156,-0.036,-0.053,-0.103,-0.064,-0.056,-0.109,5
-0.128,-0.2,-0.105,-0.245,-0.08,-0.176,-0.091,-0.497,-0.089,-0.151,-0.088,-0.097,-0.144,-0.227,-0.098,-0.115,-0.14,-0.156,-0.11,-0.194,-0.14,-0.028,-0.105,-0.529,-0.609,-0.067,-0.127,-0.052,-0.226,-0.031,-0.148,-0.415,-0.105,-0.032,-0.12,-0.19,-0.122,-0.001,-0.079,-0.132,-0.088,-0.057,-0.132,-0.1,-0.072,-0.157,-0.055,-0.173,-0.075,-0.166,-0.083,-0.1,-0.117,-0.203,-0.097,-0.149,-0.14,-0.112,-0.115,-0.168,-0.14,-0.041,-0.104,-0.581,-0.083,-0.067,-0.142,-0.449,-0.132,-0.157,-0.304,-0.065,-0.125,-0.207,-0.096,-0.076,-0.118,-0.207,-0.148,-0.228,-0.088,-0.189,-0.085,-0.155,-0.061,-0.123,-0.052,-0.268,-0.084,-0.056,-0.193,-0.072,-0.081,-0.992,-0.084,-0.004,-0.101,5
-0.093,-0.471,-0.085,-0.205,-0.075,-0.169,-0.083,-0.21,-0.099,-0.148,-0.1,-0.165,-0.144,-0.124,-0.1,-0.113,-0.128,-0.164,-0.113,-0.203,-0.12,-0.08,-0.105,-0.384,-0.512,-0.069,-0.117,-0.084,-0.269,-0.019,-0.151,-0.101,-0.116,-0.099,-0.113,-0.16,-0.133,-0.019,-0.117,-0.315,-0.098,-0.055,-0.144,-0.072,-0.084,-0.125,-0.076,-0.188,-0.076,-0.156,-0.085,-0.116,-0.144,-0.149,-0.091,-0.104,-0.148,-0.148,-0.105,-0.204,-0.132,-0.177,-0.107,-0.222,-0.103,-0.196,-0.092,-0.184,-0.132,-0.325,-0.457,-0.064,-0.112,-0.205,-0.1,-0.104,-0.12,-0.185,-0.128,-0.052,-0.083,-0.204,-0.089,-0.156,-0.08,-0.12,-0.06,-0.26,-0.081,-0.043,-0.168,-0.016,-0.064,-0.981,-0.08,-0.032,-0.108,5
-0.056,-0.103,-0.128,0,-0.088,-0.136,-0.088,-0.296,-0.088,-0.104,-0.088,-0.072,-0.088,-0.136,-0.055,-0.136,-0.089,-0.104,-0.088,-0.167,-0.057,-0.137,-0.054,-0.393,-0.056,-0.104,-0.087,-0.073,-0.087,-0.137,-0.056,-0.136,-0.087,-0.361,-0.056,-0.2,-0.055,-0.136,-0.057,-0.361,-0.086,-0.169,-0.088,-0.136,-0.056,-0.103,-0.088,-0.265,-0.055,-0.137,-0.088,-0.264,-0.088,-0.199,-0.056,-0.234,-0.087,-0.136,-0.055,-0.489,-0.087,-0.072,-0.09,-0.391,-0.055,-0.137,-0.055,-0.168,-0.057,-0.296,-0.087,-0.105,-0.087,-0.586,-0.054,-0.489,-0.055,-0.105,-0.087,-0.488,-0.056,-0.105,-0.089,-0.103,-0.088,-0.104,-0.055,-0.584,-0.089,-0.04,-0.087,-0.2,-0.089,-0.104,-0.055,-0.168,-0.056,13
-0.096,-0.063,-0.129,-0.352,-0.064,-0.127,-0.098,-0.254,-0.098,-0.127,-0.096,0,-0.224,-0.127,-0.096,-0.097,-0.128,-0.096,-0.096,-0.161,-0.095,-0.511,-0.064,-0.576,-0.097,-0.096,-0.064,-0.16,-0.096,-0.097,-0.095,-0.129,-0.095,-0.097,-0.063,-0.16,-0.064,-0.064,-0.064,-0.191,-0.097,-0.096,-0.096,-0.064,-0.096,-0.032,-0.128,-0.192,-0.064,-0.096,-0.096,-0.095,-0.161,-0.096,-0.095,-0.129,-0.096,-0.128,-0.064,-0.16,-0.063,-0.128,-0.065,-0.288,-0.096,-0.128,-0.032,-0.16,-0.063,-0.193,-0.064,-0.16,-0.064,-0.448,-0.096,-0.384,-0.095,-0.097,-0.096,-0.383,-0.096,-0.29,-0.094,-0.161,-0.064,-0.096,-0.095,-0.225,-0.064,-0.064,-0.127,-0.352,-0.065,-0.128,-0.032,-0.16,-0.096,13
-0.096,-0.064,-0.136,-0.023,-0.073,-0.152,-0.096,-0.224,-0.095,-0.097,-0.095,-0.032,-0.128,-0.129,-0.063,-0.384,-0.064,-0.129,-0.063,-0.097,-0.096,-0.064,-0.064,-0.192,-0.095,-0.097,-0.064,-0.095,-0.097,-0.128,-0.095,-0.128,-0.097,-0.128,-0.063,-0.128,-0.064,-0.097,-0.095,-0.224,-0.064,-0.129,-0.064,-0.096,-0.096,0,-0.096,-0.225,-0.062,-0.099,-0.094,-0.001,-0.126,-0.192,-0.065,-0.352,-0.096,-0.128,-0.063,-0.161,-0.063,-0.096,-0.064,-0.769,-0.064,-0.128,-0.063,-0.129,-0.095,-0.161,-0.063,-0.13,-0.094,-0.225,-0.063,-0.224,-0.096,-0.129,-0.063,-0.225,-0.064,-0.224,-0.096,-0.159,-0.096,-0.128,-0.064,-0.257,-0.096,-0.097,-0.095,-0.192,-0.064,-0.127,-0.064,-0.161,-0.095,13
-0.063,-0.131,-0.093,-0.064,-0.089,-0.103,-0.088,-0.296,-0.088,-0.104,-0.136,-0.032,-0.152,-0.136,-0.056,-0.232,-0.088,-0.104,-0.064,-0.16,-0.056,-0.136,-0.087,-0.937,-0.088,-0.136,-0.088,-0.264,-0.056,-0.136,-0.056,-0.136,-0.056,-0.168,-0.088,-0.136,-0.088,-0.104,-0.088,-0.448,-0.096,-0.672,-0.064,-0.096,-0.065,-0.447,-0.064,-0.577,-0.063,-0.096,-0.129,-0.031,-0.16,-0.096,-0.064,-0.128,-0.096,-0.128,-0.064,-0.16,-0.064,-0.128,-0.064,-0.16,-0.064,-0.099,-0.093,-0.16,-0.064,-0.256,-0.096,-0.128,-0.096,-0.192,-0.072,-0.376,-0.096,-0.416,-0.063,-0.129,-0.096,-0.256,-0.096,-0.192,-0.064,-0.128,-0.064,-0.256,-0.097,-0.031,-0.128,-0.192,-0.097,-0.095,-0.065,-0.159,-0.064,13
-0.064,-0.095,-0.096,-0.066,-0.094,-0.096,-0.096,-0.192,-0.096,-0.096,-0.128,-0.033,-0.127,-0.096,-0.064,-0.096,-0.097,-0.128,-0.031,-0.161,-0.064,-0.095,-0.064,-0.448,-0.064,-0.128,-0.096,-0.192,-0.096,-0.128,-0.096,-0.128,-0.064,-0.128,-0.064,-0.16,-0.096,-0.096,-0.096,-0.289,-0.063,-0.224,-0.064,-0.096,-0.064,-0.032,-0.096,-0.256,-0.064,-0.128,-0.096,-0.096,-0.128,-0.064,-0.096,-0.064,-0.096,-0.128,-0.065,-0.127,-0.096,-0.128,-0.064,-0.704,-0.065,-0.127,-0.064,-0.16,-0.064,-0.224,-0.096,-0.096,-0.096,-0.128,-0.097,-0.223,-0.096,-0.128,-0.064,-0.256,-0.064,-0.224,-0.096,-0.162,-0.126,-0.096,-0.096,-0.256,-0.097,-0.064,-0.095,-0.224,-0.064,-0.128,-0.064,-0.128,-0.064,13
-0.104,-0.309,-0.055,-0.115,-0.094,-0.102,-0.07,-0.146,-0.207,-0.022,-0.075,-0.021,-0.045,-0.049,-0.032,-0.019,-0.045,-0.082,-0.088,-0.09,-0.194,-0.008,-0.073,-0.147,-0.077,-0.092,-0.14,-0.036,-0.042,-0.028,-0.105,-0.013,-0.082,-0.034,-0.11,-0.053,-0.112,-0.043,-0.063,-0.026,-0.138,-0.015,-0.1,-0.037,-0.08,-0.437,-0.091,-0.348,-0.415,-0.008,-0.104,-0.005,-0.101,-0.006,-0.074,-0.041,-0.099,-0.057,-0.08,-0.106,-0.091,-0.024,-0.057,-0.395,-0.438,-0.053,-0.081,-0.087,-0.1,-0.004,-0.084,-0.091,-0.077,-0.131,-0.057,-0.06,-0.172,-0.052,-0.117,-0.171,-0.055,-0.202,-0.092,-0.816,-0.079,-0.162,-0.048,-0.02,-0.104,-0.044,-0.058,-0.042,-0.164,-0.036,-0.09,-0.115,-0.087,14
-0.087,-0.167,-0.084,-0.116,-0.063,-0.27,-0.083,-0.138,-0.067,-0.027,-0.102,-0.022,-0.071,-0.008,-0.074,-0.023,-0.128,-0.027,-0.071,-0.511,-0.091,-0.141,-0.078,-0.205,-0.086,-0.1,-0.19,-0.012,-0.065,-0.039,-0.13,-0.009,-0.111,-0.035,-0.094,-0.081,-0.114,-0.843,-0.085,-0.135,-0.256,-0.051,-0.014,-0.071,-0.112,-0.088,-0.079,-0.135,-0.203,-0.023,-0.071,-0.024,-0.06,-0.015,-0.087,-0.013,-0.081,-0.067,-0.086,-0.098,-0.089,-0.018,-0.102,-0.275,-0.374,-0.034,-0.085,-0.077,-0.107,-0.044,-0.079,-0.1,-0.101,-0.239,-0.071,-0.104,-0.17,-0.082,-0.132,-0.645,-0.09,-0.003,-0.086,-0.148,-0.096,-0.117,-0.213,-0.004,-0.089,-0.004,-0.114,-0.017,-0.093,-0.055,-0.089,-0.092,-0.104,14
-0.11,-0.042,-0.107,-0.072,-0.088,-0.085,-0.074,-0.195,-0.049,-0.058,-0.145,-0.007,-0.107,-0.1,-0.089,-0.087,-0.195,-0.038,-0.077,-0.101,-0.09,-0.024,-0.08,-0.172,-0.05,-0.101,-0.169,-0.021,-0.061,-0.026,-0.081,-0.004,-0.083,-0.034,-0.109,-0.068,-0.09,-0.038,-0.071,-0.04,-0.134,-0.009,-0.066,-0.036,-0.07,-0.087,-0.077,-0.05,-0.051,-0.138,-0.09,-0.03,-0.089,-0.012,-0.064,-0.029,-0.094,-0.021,-0.079,-0.081,-0.081,-0.019,-0.087,-0.066,-0.125,-0.037,-0.057,-0.104,-0.064,-0.026,-0.085,-0.087,-0.068,-0.152,-0.057,-0.051,-0.1,-0.051,-0.112,-0.117,-0.088,-0.03,-0.08,-0.119,-0.087,-0.105,-0.137,-0.026,-0.048,-0.009,-0.089,-0.021,-0.066,-0.024,-0.028,-0.113,-0.077,14
-0.101,-0.127,-0.044,-0.236,-0.092,-0.094,-0.088,-0.511,-0.587,-0.01,-0.076,-0.021,-0.064,-0.015,-0.055,-0.012,-0.056,-0.049,-0.07,-0.093,-0.088,-0.003,-0.06,-0.168,-0.079,-0.09,-0.129,-0.044,-0.038,-0.034,-0.072,-0.024,-0.068,-0.045,-0.106,-0.061,-0.127,-0.013,-0.079,-0.025,-0.106,-0.024,-0.056,-0.029,-0.079,-0.071,-0.077,-0.168,-0.228,-0.009,-0.087,-0.023,-0.077,-0.021,-0.071,-0.003,-0.079,-0.045,-0.102,-0.071,-0.169,-0.017,-0.072,-0.091,-0.157,-0.024,-0.045,-0.097,-0.078,-0.049,-0.075,-0.106,-0.068,-0.138,-0.065,-0.118,-0.125,-0.055,-0.127,-0.474,-0.088,-0.037,-0.073,-0.143,-0.094,-0.136,-0.194,-0.02,-0.114,-0.004,-0.086,-0.019,-0.102,-0.015,-0.082,-0.107,-0.079,14
-0.115,-0.072,-0.098,-0.133,-0.077,-0.094,-0.082,-0.151,-0.077,-0.045,-0.08,-0.19,-0.09,-0.106,-0.069,-0.374,-0.474,-0.026,-0.099,-0.105,-0.07,-0.003,-0.07,-0.225,-0.063,-0.126,-0.103,-0.025,-0.122,-0.012,-0.09,-0.036,-0.078,-0.074,-0.15,-0.098,-0.125,-0.021,-0.071,-0.182,-0.261,-0.031,-0.036,-0.056,-0.106,-0.11,-0.05,-0.142,-0.216,-0.005,-0.093,-0.016,-0.112,-0.025,-0.076,-0.315,-0.124,-0.026,-0.089,-0.108,-0.18,-0.003,-0.081,-0.062,-0.136,-0.037,-0.077,-0.091,-0.088,-0.045,-0.094,-0.14,-0.08,-0.22,-0.061,-0.34,-0.458,-0.059,-0.101,-0.085,-0.097,-0.017,-0.071,-0.455,-0.093,-0.124,-0.078,-0.027,-0.09,-0.017,-0.096,-0.005,-0.097,-0.042,-0.09,-0.099,-0.092,14
-0.096,-0.001,-0.062,-0.064,-0.128,-0.032,-0.097,-0.095,-0.064,-0.136,-0.056,-0.104,-0.097,-0.001,-0.094,-0.033,-0.095,-0.033,-0.13,-0.004,-0.094,-0.032,-0.095,-0.096,-0.064,-0.064,-0.097,-0.063,-0.095,-0.096,-0.064,-0.098,-0.062,-0.064,-0.096,-0.032,-0.064,-0.032,-0.072,-0.002,-0.054,-0.106,-0.169,-0.063,-0.095,-0.002,-0.095,-0.001,-0.062,-0.096,-0.096,-0.066,-0.128,-0.032,-0.065,-0.001,-0.094,-0.064,-0.096,-0.032,-0.128,-0.001,-0.063,-0.001,-0.099,-0.06,-0.096,-0.032,-0.096,-0.002,-0.062,-0.064,-0.129,-0.073,-0.086,-0.04,-0.056,-0.104,-0.064,-0.128,-0.064,-0.256,-0.064,-0.096,-0.064,-0.096,-0.131,-0.031,-0.093,-0.065,-0.064,-0.063,-0.064,-0.064,-0.096,-0.032,-0.131,16
-0.096,-0.002,-0.064,-0.061,-0.065,-0.001,-0.095,-0.001,-0.062,-0.098,-0.095,-0.063,-0.128,-0.777,-0.096,-0.002,-0.094,-0.065,-0.095,-0.033,-0.128,-0.031,-0.063,-0.096,-0.064,-0.064,-0.128,-0.032,-0.064,-0.096,-0.096,-0.065,-0.064,-0.064,-0.095,-0.04,-0.098,-0.003,-0.092,-0.001,-0.062,-0.097,-0.16,-0.032,-0.097,-0.002,-0.093,-0.002,-0.062,-0.096,-0.096,-0.066,-0.128,-0.032,-0.097,-0.002,-0.093,-0.065,-0.097,-0.062,-0.099,-0.005,-0.062,-0.031,-0.095,-0.064,-0.096,-0.104,-0.032,-0.002,-0.086,-0.137,-0.095,-0.16,-0.064,-0.291,-0.061,-0.097,-0.064,-0.128,-0.095,-0.002,-0.03,-0.128,-0.032,-0.096,-0.128,-0.032,-0.096,-0.066,-0.071,-0.095,-0.024,-0.074,-0.086,-0.072,-0.096,16
-0.096,-0.001,-0.094,-0.064,-0.128,-0.032,-0.096,-0.001,-0.095,-0.096,-0.096,-0.032,-0.128,-0.002,-0.094,-0.096,-0.096,-0.104,-0.088,-0.04,-0.128,-0.002,-0.094,-0.16,-0.032,-0.096,-0.128,-0.032,-0.096,-0.096,-0.064,-0.096,-0.064,-0.064,-0.097,-0.031,-0.095,-0.032,-0.096,-0.001,-0.095,-0.096,-0.16,-0.032,-0.032,-0.032,-0.064,-0.032,-0.097,-0.072,-0.087,-0.074,-0.095,-0.001,-0.062,-0.032,-0.064,-0.097,-0.095,-0.032,-0.096,-0.064,-0.096,-0.096,-0.064,-0.064,-0.128,-0.032,-0.096,-0.032,-0.096,-0.064,-0.098,-0.094,-0.065,-0.002,-0.061,-0.096,-0.065,-0.135,-0.096,-0.002,-0.054,-0.072,-0.064,-0.097,-0.064,-0.003,-0.093,-0.032,-0.096,-0.032,-0.063,-0.096,-0.098,-0.003,-0.124,16
-0.032,-0.096,-0.064,-0.096,-0.032,-0.064,-0.032,-0.096,-0.096,-0.096,-0.064,-0.099,-0.003,-0.093,-0.003,-0.091,-0.097,-0.062,-0.032,-0.128,-0.032,-0.064,-0.108,-0.084,-0.072,-0.105,-0.031,-0.063,-0.096,-0.064,-0.096,-0.065,-0.065,-0.127,-0.033,-0.063,-0.032,-0.063,-0.033,-0.063,-0.096,-0.16,-0.032,-0.097,-0.001,-0.095,-0.002,-0.093,-0.064,-0.096,-0.064,-0.128,-0.032,-0.104,-0.001,-0.088,-0.041,-0.127,-0.003,-0.095,-0.032,-0.096,-0.002,-0.062,-0.096,-0.096,-0.032,-0.096,-0.032,-0.096,-0.064,-0.064,-0.096,-0.096,-0.001,-0.063,-0.097,-0.063,-0.096,-0.096,-0.002,-0.062,-0.128,-0.064,-0.104,-0.064,-0.001,-0.12,-0.039,-0.088,-0.04,-0.064,-0.064,-0.096,-0.032,-0.128,0,16
-0.032,-0.096,-0.04,-0.104,-0.032,-0.088,-0.04,-0.057,-0.104,-0.096,-0.064,-0.096,-0.001,-0.094,-0.002,-0.062,-0.064,-0.097,-0.032,-0.129,-0.002,-0.06,-0.096,-0.064,-0.064,-0.064,-0.001,-0.094,-0.097,-0.064,-0.096,-0.064,-0.106,-0.096,-0.003,-0.125,-0.003,-0.093,-0.003,-0.091,-0.096,-0.192,-0.032,-0.096,-0.001,-0.064,-0.032,-0.095,-0.097,-0.063,-0.097,-0.161,-0.032,-0.098,-0.004,-0.058,-0.096,-0.096,-0.032,-0.131,-0.005,-0.061,-0.032,-0.095,-0.073,-0.128,-0.001,-0.096,-0.031,-0.063,-0.064,-0.064,-0.098,-0.161,-0.032,-0.096,-0.096,-0.032,-0.128,-0.064,-0.003,-0.061,-0.097,-0.062,-0.097,-0.129,-0.031,-0.095,-0.064,-0.096,-0.033,-0.064,-0.064,-0.136,-0.001,-0.086,0,16
-0.027,-0.056,-0.101,-0.081,-0.065,-0.069,-0.041,-0.066,-0.015,-0.079,-0.12,-0.196,-0.01,-0.071,-0.05,-0.091,-0.081,-0.083,-0.1,-0.164,-0.041,-0.065,-0.059,-0.074,-0.073,-0.067,-0.004,-0.094,-0.085,-0.083,-0.082,-0.09,-0.09,-0.086,-0.124,-0.092,-0.055,-0.06,-0.032,-0.105,-0.122,-0.193,-0.029,-0.079,-0.06,-0.056,-0.102,-0.168,-0.001,-0.084,-0.116,-0.213,-0.003,-0.071,-0.054,-0.108,-0.14,-0.104,-0.16,-0.114,-0.029,-0.068,-0.089,-0.09,-0.135,-0.095,-0.117,-0.075,-0.001,-0.079,-0.078,-0.074,-0.117,-0.068,-0.089,-0.089,-0.092,-0.08,-0.152,-0.215,-0.011,-0.068,-0.104,-0.071,-0.085,-0.06,-0.072,-0.087,-0.105,-0.086,-0.126,-0.083,-0.088,-0.082,-0.082,-0.059,0,17
-0.021,-0.063,-0.092,-0.08,-0.173,-0.072,-0.053,-0.071,-0.009,-0.072,-0.117,-0.199,-0.008,-0.072,-0.055,-0.084,-0.143,-0.095,-0.119,-0.101,-0.018,-0.067,-0.074,-0.084,-0.054,-0.119,-0.02,-0.079,-0.081,-0.093,-0.089,-0.085,-0.117,-0.069,-0.187,-0.097,-0.098,-0.056,-0.043,-0.104,-0.137,-0.188,-0.053,-0.084,-0.076,-0.06,-0.062,-0.123,-0.012,-0.08,-0.118,-0.093,-0.008,-0.066,-0.048,-0.101,-0.094,-0.073,-0.111,-0.213,-0.009,-0.064,-0.07,-0.103,-0.085,-0.09,-0.101,-0.161,-0.036,-0.079,-0.078,-0.058,-0.107,-0.058,-0.028,-0.069,-0.083,-0.08,-0.141,-0.206,-0.017,-0.067,-0.106,-0.068,-0.08,-0.071,-0.014,-0.083,-0.108,-0.079,-0.122,-0.093,-0.096,-0.051,-0.538,-0.069,0,17
-0.024,-0.051,-0.11,-0.077,-0.063,-0.058,-0.046,-0.095,-0.012,-0.097,-0.111,-0.197,-0.006,-0.058,-0.059,-0.087,-0.084,-0.087,-0.104,-0.106,-0.002,-0.066,-0.091,-0.073,-0.064,-0.128,-0.01,-0.078,-0.078,-0.091,-0.097,-0.081,-0.099,-0.076,-0.156,-0.1,-0.068,-0.054,-0.076,-0.107,-0.139,-0.24,-0.025,-0.081,-0.124,-0.065,-0.119,-0.058,-0.014,-0.088,-0.13,-0.221,-0.006,-0.07,-0.12,-0.066,-0.129,-0.107,-0.155,-0.125,-0.014,-0.052,-0.134,-0.079,-0.087,-0.098,-0.123,-0.076,-0.044,-0.1,-0.074,-0.084,-0.16,-0.065,-0.104,-0.093,-0.089,-0.099,-0.194,-0.089,-0.078,-0.065,-0.249,-0.07,-0.1,-0.064,-0.043,-0.085,-0.108,-0.086,-0.112,-0.1,-0.088,-0.071,-0.113,-0.044,0,17
-0.008,-0.06,-0.11,-0.065,-0.313,-0.103,-0.114,-0.054,-0.017,-0.089,-0.151,-0.247,-0.005,-0.056,-0.074,-0.088,-0.098,-0.073,-0.122,-0.246,-0.002,-0.053,-0.095,-0.076,-0.089,-0.168,-0.001,-0.09,-0.08,-0.109,-0.101,-0.066,-0.101,-0.077,-0.129,-0.082,-0.099,-0.05,-0.088,-0.074,-0.131,-0.213,-0.005,-0.097,-0.091,-0.084,-0.109,-0.069,-0.013,-0.079,-0.14,-0.23,-0.019,-0.075,-0.106,-0.114,-0.089,-0.11,-0.127,-0.121,-0.085,-0.073,-0.104,-0.082,-0.088,-0.098,-0.117,-0.096,-0.047,-0.084,-0.095,-0.068,-0.157,-0.061,-0.338,-0.086,-0.209,-0.125,-0.253,-0.075,-0.006,-0.067,-0.114,-0.076,-0.082,-0.071,-0.009,-0.086,-0.109,-0.093,-0.106,-0.104,-0.087,-0.071,-0.11,-0.048,0,17
-0.094,-0.002,-0.056,-0.082,-0.089,-0.081,-0.056,-0.044,-0.107,-0.003,-0.072,-0.206,-0.315,-0.007,-0.059,-0.098,-0.077,-0.105,-0.072,-0.113,-0.194,-0.019,-0.054,-0.065,-0.074,-0.118,-0.083,-0.029,-0.108,-0.077,-0.096,-0.109,-0.081,-0.083,-0.089,-0.122,-0.105,-0.087,-0.045,-0.091,-0.08,-0.132,-0.216,-0.005,-0.07,-0.062,-0.082,-0.063,-0.071,-0.026,-0.077,-0.132,-0.225,-0.017,-0.059,-0.083,-0.108,-0.087,-0.088,-0.117,-0.099,-0.069,-0.05,-0.168,-0.09,-0.103,-0.095,-0.119,-0.079,-0.012,-0.061,-0.09,-0.056,-0.133,-0.061,-0.115,-0.079,-0.099,-0.073,-0.232,-0.089,-0.015,-0.061,-0.122,-0.074,-0.085,-0.058,-0.035,-0.083,-0.129,-0.089,-0.137,-0.095,-0.093,-0.064,-0.117,-0.046,17
-0.111,-0.039,-0.138,-0.007,-0.108,-0.049,-0.109,-0.256,-0.113,-0.091,-0.106,-0.056,-0.112,-0.225,-0.109,-0.03,-0.105,-0.051,-0.11,-0.078,-0.072,-0.201,-0.11,-0.9,-0.11,-0.064,-0.071,-0.049,-0.198,-0.039,-0.149,-0.124,-0.15,-0.003,-0.108,-0.057,-0.113,-0.379,-0.109,-0.239,-0.112,-0.043,-0.11,-0.108,-0.107,-0.081,-0.072,-0.246,-0.11,-0.089,-0.11,-0.136,-0.147,-0.047,-0.108,-0.026,-0.11,-0.083,-0.112,-0.206,-0.108,-0.461,-0.074,-0.593,-0.109,-0.016,-0.114,-0.096,-0.114,-0.282,-0.111,-0.046,-0.111,-0.202,-0.112,-0.066,-0.219,-0.039,-0.107,-0.546,-0.112,-0.078,-0.113,-0.139,-0.109,-0.08,-0.069,-0.082,-0.116,-0.086,-0.15,-0.058,-0.111,-0.078,-0.113,-0.053,-0.075,18
-0.108,-0.564,-0.11,-0.052,-0.107,-0.078,-0.072,-0.193,-0.11,-0.048,-0.109,-0.043,-0.148,-0.127,-0.108,-0.064,-0.11,-0.067,-0.111,-0.09,-0.109,-0.229,-0.109,-0.406,-0.112,-0.037,-0.114,-0.004,-0.105,-0.041,-0.112,-0.847,-0.113,-0.005,-0.147,-0.055,-0.111,-0.369,-0.075,-0.202,-0.132,-0.075,-0.064,-0.091,-0.075,-0.091,-0.075,-0.186,-0.113,-0.076,-0.111,-0.049,-0.149,-0.03,-0.114,-0.003,-0.143,-0.041,-0.111,-0.074,-0.075,-0.078,-0.074,-0.124,-0.109,-0.059,-0.111,-0.097,-0.109,-0.054,-0.113,-0.041,-0.112,-1.065,-0.111,-0.019,-0.131,-0.078,-0.191,-0.221,-0.076,-0.215,-0.073,-0.191,-0.11,-0.072,-0.073,-0.025,-0.112,-0.074,-0.146,-0.059,-0.11,-0.047,-0.112,-0.051,-0.072,18
-0.102,-0.053,-0.144,-0.013,-0.112,-0.055,-0.11,-0.794,-0.112,-0.167,-0.111,-0.024,-0.112,-0.152,-0.111,-0.002,-0.109,-0.038,-0.146,-0.036,-0.073,-0.095,-0.073,-0.665,-0.109,-0.059,-0.07,-0.051,-0.185,-0.002,-0.146,-0.177,-0.113,-0.001,-0.146,-0.035,-0.11,-0.374,-0.072,-0.788,-0.101,-0.022,-0.111,-0.125,-0.11,-0.076,-0.071,-0.201,-0.112,-0.054,-0.112,-0.028,-0.156,-0.068,-0.072,-0.01,-0.144,-0.045,-0.11,-0.076,-0.115,-0.066,-0.069,-0.037,-0.111,-0.072,-0.149,-0.067,-0.099,-0.05,-0.109,-0.038,-0.114,-0.156,-0.112,-0.531,-0.147,-0.002,-0.108,-0.059,-0.112,-0.186,-0.109,-0.568,-0.107,-0.086,-0.11,-0.003,-0.107,-0.09,-0.149,-0.058,-0.115,-0.039,-0.075,-0.086,-0.081,18
-0.106,-0.036,-0.184,-0.018,-0.111,-0.069,-0.112,-0.174,-0.11,-0.063,-0.112,-0.005,-0.148,-0.085,-0.161,-0.047,-0.111,-0.053,-0.112,-0.058,-0.112,-0.038,-0.075,-0.286,-0.11,-0.026,-0.074,-0.049,-0.107,-0.089,-0.11,-0.165,-0.11,-0.043,-0.107,-0.08,-0.073,-0.126,-0.112,-0.238,-0.112,-0.039,-0.111,-0.056,-0.11,-0.078,-0.075,-0.148,-0.074,-0.098,-0.075,-0.058,-0.15,-0.077,-0.072,-0.033,-0.112,-0.059,-0.11,-0.044,-0.072,-0.111,-0.075,-0.067,-0.11,-0.07,-0.107,-0.094,-0.109,-0.076,-0.11,-0.047,-0.112,-0.135,-0.071,-0.094,-0.204,-0.036,-0.148,-0.538,-0.11,-0.041,-0.075,-0.283,-0.112,-0.083,-0.072,-0.014,-0.149,-0.011,-0.146,-0.023,-0.076,-0.082,-0.071,-0.074,-0.11,18
-0.109,-0.014,-0.146,-0.021,-0.112,-0.058,-0.075,-0.182,-0.112,-0.05,-0.111,-0.03,-0.147,-0.038,-0.075,-0.004,-0.111,-0.059,-0.13,-0.046,-0.075,-0.09,-0.069,-0.293,-0.111,-0.048,-0.076,-0.022,-0.11,-0.084,-0.11,-0.096,-0.07,-0.047,-0.114,-0.069,-0.108,-0.028,-0.113,-0.098,-0.109,-0.05,-0.112,-0.04,-0.109,-0.062,-0.074,-0.182,-0.109,-0.057,-0.111,-0.017,-0.112,-0.069,-0.114,-0.011,-0.149,-0.042,-0.106,-0.058,-0.112,-0.015,-0.072,-0.079,-0.112,-0.058,-0.111,-0.142,-0.111,-0.15,-0.11,-0.048,-0.109,-0.181,-0.071,-0.12,-0.232,-0.037,-0.149,-0.429,-0.076,-0.113,-0.11,-0.106,-0.109,-0.079,-0.074,-0.048,-0.145,-0.028,-0.146,-0.012,-0.111,-0.048,-0.066,-0.08,-0.073,18
-0.095,0,-0.074,-0.048,-0.086,-0.154,-0.022,-0.382,-0.448,-0.027,-0.116,-0.023,-0.12,-0.044,-0.095,-0.029,-0.023,-0.05,-0.072,-0.13,-0.083,-0.037,-0.05,-0.113,-0.215,-0.067,-0.068,0,-0.066,-0.036,-0.088,-0.155,-0.097,-0.001,-0.085,-0.088,-0.064,-0.082,-0.06,-0.093,-0.188,-0.022,-0.08,-0.016,-0.075,-0.115,-0.065,-0.082,-0.142,-0.057,-0.137,-0.029,-0.126,-0.001,-0.111,-0.001,-0.073,-0.034,-0.08,-0.073,-0.081,-0.028,-0.097,-0.159,-0.124,-0.001,-0.067,-0.321,-0.074,-0.133,-0.206,-0.094,-0.133,-0.185,-0.094,-0.112,-0.191,-0.036,-0.11,-1.023,-1.066,-0.021,-0.105,-0.13,-0.075,-0.114,-0.074,-0.037,-0.103,-0.016,-0.113,0,-0.109,-0.02,-0.108,-0.168,-0.072,21
-0.097,-0.089,-0.16,-0.015,-0.068,-0.108,-0.097,0,-0.059,-0.059,-0.127,-0.045,-0.08,-0.018,-0.097,-0.001,-0.044,-0.049,-0.094,-0.102,-0.037,-0.037,-0.068,-0.126,-0.23,-0.049,-0.101,0,-0.05,-0.052,-0.118,-0.139,-0.097,-0.001,-0.069,-0.082,-0.065,-0.141,-0.072,-0.051,-0.139,-0.037,-0.088,0,-0.057,-0.126,-0.073,-0.542,-0.609,-0.029,-0.1,-0.031,-0.112,0,-0.095,-0.001,-0.044,-0.039,-0.09,-0.084,-0.081,-0.074,-0.058,-0.597,-0.668,-0.024,-0.075,-0.097,-0.097,-0.05,-0.108,-0.081,-0.119,-0.528,-0.119,-0.019,-0.117,-0.001,-0.064,-0.241,-0.089,-0.229,-0.08,-0.951,-0.087,-0.133,-0.064,-0.08,-0.147,-0.044,-0.087,-0.03,-0.183,-0.031,-0.137,-0.319,-0.116,21
-0.09,-0.071,-0.131,-0.074,-0.074,-0.138,-0.072,-0.059,-0.074,0,-0.093,-0.022,-0.117,0,-0.092,-0.001,-0.06,-0.039,-0.101,-0.096,-0.073,-0.031,-0.044,-0.117,-0.192,-0.05,-0.001,-0.022,-0.03,-0.036,-0.089,-0.192,-0.242,-0.021,-0.08,-0.109,-0.074,-0.088,-0.08,-0.05,-0.139,-0.023,-0.066,-0.036,-0.059,-0.142,-0.097,-0.017,-0.147,-0.037,-0.15,-0.488,-0.088,-0.052,-0.065,-0.06,-0.081,-0.001,-0.087,-0.076,-0.094,-0.114,-0.059,-0.071,-0.117,-0.051,-0.103,-0.103,-0.082,-0.089,-0.171,-0.058,-0.079,-0.176,-0.088,-0.023,-0.117,-0.036,-0.109,-0.147,-0.124,-0.066,-0.088,-0.125,-0.066,-0.13,-0.077,-0.037,-0.12,-0.001,-0.107,-0.001,-0.122,-0.089,-0.103,-0.104,-0.087,21
-0.097,0,-0.03,-0.083,-0.083,-0.115,-0.062,0,-0.072,-0.023,-0.066,-0.081,-0.096,0,-0.124,-0.351,-0.425,-0.029,-0.088,-0.139,-0.052,-0.089,-0.065,-0.109,-0.191,-0.087,-0.001,-0.02,-0.045,-0.029,-0.088,-0.127,-0.228,-0.053,-0.074,-0.107,-0.079,-0.09,-0.092,-0.023,-0.095,-0.075,-0.162,-0.039,-0.093,-0.12,-0.107,-0.216,-0.276,-0.03,-0.119,-0.015,-0.113,0,-0.057,-0.029,-0.074,-0.022,-0.064,-0.076,-0.122,-0.054,-0.103,-0.051,-0.139,-0.035,-0.072,-0.098,-0.059,-0.036,-0.094,-0.046,-0.095,-0.585,-0.103,-0.001,-0.139,-0.028,-0.102,-0.214,-0.174,-0.001,-0.077,-0.126,-0.11,-0.133,-0.068,-0.074,-0.16,-0.016,-0.141,0,-0.118,-0.021,-0.094,-0.155,-0.11,21
-0.022,-0.05,-0.038,-0.082,-0.078,-0.083,-0.001,-0.065,-0.037,-0.109,-0.041,-0.1,0,-0.078,-0.037,-0.054,0,-0.065,-0.09,-0.073,-0.077,-0.073,-0.081,-0.176,-0.052,-0.001,-0.056,0,-0.043,-0.073,-0.176,-0.11,-0.001,-0.065,-0.131,-0.061,-0.065,-0.088,-0.038,-0.128,-0.041,-0.08,-0.037,-0.058,-0.081,-0.103,-0.038,-0.116,-0.024,-0.097,-0.058,-0.082,-0.035,-0.073,-0.024,-0.044,-0.073,-0.132,-0.084,-0.066,-0.138,-0.051,-0.16,-0.176,-0.072,-0.088,-0.102,-0.115,-0.053,-0.118,-0.057,-0.103,-0.145,-0.089,-0.043,-0.13,-0.051,-0.117,-0.177,-0.036,-0.517,-0.058,-0.17,-0.044,-0.151,-0.083,-0.001,-0.045,-0.001,-0.105,-0.029,-0.105,-0.028,-0.072,-0.118,-0.067,-0.252,21
-0.121,-0.003,-0.089,-0.169,-0.091,-0.123,-0.095,-0.191,-0.128,-0.152,-0.11,-0.37,-0.149,-0.144,-0.084,-0.104,-0.103,-0.122,-0.103,-0.164,-0.121,-0.324,-0.121,-0.84,-0.088,-0.12,-0.088,-0.235,-0.093,-0.152,-0.113,-0.128,-0.096,-0.131,-0.089,-0.188,-0.112,-0.613,-0.112,-0.548,-0.113,-0.296,-0.132,-0.153,-0.108,-0.371,-0.129,-0.709,-0.108,-0.136,-0.109,-0.4,-0.144,-0.132,-0.096,-0.159,-0.096,-0.142,-0.112,-0.176,-0.112,-0.252,-0.095,-0.795,-0.111,-0.137,-0.092,-0.416,-0.1,-0.5,-0.1,-0.141,-0.091,-1.358,-0.104,-0.149,-0.116,-0.148,-0.128,-0.205,-0.079,-0.425,-0.092,-0.179,-0.089,-0.156,-0.085,-0.216,-0.12,-0.192,-0.148,-0.189,-0.116,-0.152,-0.135,-0.919,-0.103,23
-0.124,-0.02,-0.1,-0.184,-0.096,-0.156,-0.088,-1.085,-0.152,-0.247,-0.108,-0.426,-0.139,-0.263,-0.093,-0.173,-0.1,-0.116,-0.1,-0.208,-0.128,-0.564,-0.113,-0.456,-0.087,-0.133,-0.08,-0.244,-0.095,-0.15,-0.111,-0.103,-0.108,-0.11,-0.108,-0.227,-0.109,-0.569,-0.111,-0.332,-0.1,-0.237,-0.144,-0.148,-0.104,-0.188,-0.103,-0.686,-0.1,-0.148,-0.096,-0.328,-0.168,-0.173,-0.099,-0.181,-0.088,-0.124,-0.1,-0.176,-0.099,-0.433,-0.129,-0.496,-0.1,-0.116,-0.092,-0.188,-0.132,-0.296,-0.083,-0.157,-0.077,-0.248,-0.076,-0.269,-0.079,-0.147,-0.089,-0.425,-0.135,-0.736,-0.093,-0.172,-0.091,-0.15,-0.083,-0.217,-0.103,-0.348,-0.117,-0.176,-0.104,-0.136,-0.108,-0.168,-0.081,23
-0.125,-0.044,-0.1,-0.189,-0.103,-0.161,-0.088,-2.291,-0.096,-0.164,-0.081,-0.2,-0.124,-0.188,-0.093,-0.175,-0.098,-0.124,-0.103,-0.205,-0.115,-0.514,-0.113,-0.587,-0.101,-0.121,-0.091,-0.208,-0.092,-0.157,-0.112,-0.125,-0.103,-0.103,-0.097,-0.281,-0.1,-0.58,-0.148,-0.349,-0.093,-0.238,-0.129,-0.146,-0.107,-0.208,-0.108,-1.183,-0.108,-0.162,-0.098,-0.376,-0.137,-0.139,-0.093,-0.152,-0.104,-0.121,-0.099,-0.181,-0.108,-0.133,-0.087,-0.212,-0.112,-0.104,-0.097,-0.261,-0.119,-0.357,-0.084,-0.132,-0.088,-3.053,-0.164,-0.188,-0.141,-2.407,-0.173,-0.629,-0.109,-1.385,-0.097,-0.139,-0.084,-0.13,-0.115,-0.394,-0.134,-0.213,-0.088,-0.144,-0.097,-0.129,-0.087,-0.093,0,23
-0.099,-0.056,-0.092,-0.586,-0.123,-0.152,-0.117,-0.48,-0.104,-0.169,-0.109,-0.399,-0.149,-0.149,-0.099,-0.256,-0.081,-0.123,-0.093,-0.293,-0.111,-0.389,-0.149,-0.557,-0.095,-0.128,-0.092,-0.175,-0.105,-0.138,-0.116,-0.134,-0.102,-0.125,-0.092,-0.276,-0.103,-0.581,-0.133,-0.472,-0.115,-0.291,-0.127,-0.2,-0.121,-0.173,-0.119,-2.481,-0.099,-0.152,-0.101,-0.349,-0.144,-0.205,-0.099,-0.213,-0.096,-0.116,-0.1,-0.206,-0.123,-0.635,-0.13,-0.446,-0.099,-0.121,-0.092,-0.225,-0.107,-0.257,-0.092,-0.148,-0.088,-0.262,-0.087,-0.181,-0.084,-0.124,-0.104,-0.377,-0.116,-0.336,-0.088,-0.172,-0.097,-0.137,-0.091,-0.342,-0.1,-0.577,-0.108,-0.199,-0.113,-0.124,-0.1,-0.161,-0.095,23
-0.18,-0.02,-0.1,-0.373,-0.132,-0.186,-0.132,-0.648,-0.112,-0.145,-0.11,-0.374,-0.155,-0.309,-0.116,-0.129,-0.104,-0.136,-0.095,-0.248,-0.169,-0.266,-0.151,-1.6,-0.12,-1.374,-0.107,-0.21,-0.116,-0.116,-0.119,-0.117,-0.111,-0.124,-0.11,-0.316,-0.167,-0.47,-0.111,-0.333,-0.112,-0.209,-0.148,-0.219,-0.105,-0.157,-0.095,-1.683,-0.119,-0.145,-0.105,-0.379,-0.176,-0.218,-0.1,-0.127,-0.097,-0.136,-0.112,-0.942,-0.127,-0.647,-0.128,-0.127,-0.117,-0.113,-0.087,-0.304,-0.109,-0.504,-0.113,-0.187,-0.113,-2.36,-0.103,-0.169,-0.12,-0.132,-0.107,-0.378,-0.147,-0.241,-0.101,-0.159,-0.104,-0.141,-0.092,-0.132,-0.132,-0.352,-0.108,-0.217,-0.104,-0.129,-0.12,-0.176,-0.104,23
-0.055,-0.018,-0.055,-0.082,-0.089,-0.119,-0.323,-0.116,-0.026,-0.119,-0.08,-0.1,-0.018,-0.098,-0.027,-0.154,-0.017,-0.099,-0.1,-0.099,-0.081,-0.073,-0.125,-0.119,-0.001,-0.123,-0.027,-0.088,-0.074,-0.155,-0.026,-0.119,-0.062,-0.164,-0.079,-0.127,-0.043,-0.137,-0.188,-0.314,-0.036,-0.111,0,-0.052,-0.098,-0.109,-0.297,-0.118,-0.025,-0.081,-0.09,-0.108,-0.036,-0.099,0,-0.153,-0.035,-0.145,-0.08,-0.109,-0.223,-0.119,-0.106,-0.214,-0.055,-0.092,-0.051,-0.164,-0.116,-0.188,-0.056,-0.146,-0.144,-0.117,-0.261,-0.342,-0.036,-0.145,-0.151,-0.129,-0.189,-0.108,-0.133,-0.102,-0.114,-0.081,-0.046,-0.163,-0.037,-0.063,-0.018,-0.053,-0.055,-0.144,-0.036,-0.148,0,24
-0.019,-0.063,-0.055,-0.08,-0.089,-0.093,-0.152,-0.261,-0.035,-0.117,-0.118,-0.107,-0.027,-0.119,-0.001,-0.105,-0.029,-0.11,-0.098,-0.119,-0.026,-0.108,-0.179,-0.27,-0.027,-0.128,-0.035,-0.134,-0.044,-0.127,-0.061,-0.1,-0.035,-0.163,-0.124,-0.107,-0.057,-0.145,-0.584,-0.649,-0.063,-0.128,-0.001,-0.051,-0.109,-0.108,-0.134,-0.128,0,-0.142,-0.081,-0.117,-0.072,-0.101,-0.17,-0.223,-0.064,-0.171,-0.08,-0.1,-0.072,-0.136,-0.205,-0.259,-0.063,-0.118,-0.09,-0.108,-0.162,-0.288,-0.018,-0.117,-0.133,-0.101,-0.142,-0.232,-0.065,-0.173,-0.196,-0.117,-0.081,-0.116,-0.173,-0.082,-0.116,-0.108,-0.054,-0.196,-0.02,-0.081,-0.018,-0.099,-0.064,-0.145,-0.088,-0.126,0,24
-0.065,0,-0.071,-0.098,-0.099,-0.091,-1.342,-1.404,-0.026,-0.098,-0.092,-0.109,-0.026,-0.108,-0.016,-0.144,-0.125,-0.081,-0.098,-0.09,-0.072,-0.098,-0.099,-0.144,0,-0.126,-0.027,-0.108,-0.089,-0.126,-0.27,-0.108,0,-0.081,-0.117,-0.082,-0.053,-0.135,-0.135,-0.224,-0.046,-0.118,-0.001,-0.107,-0.081,-0.134,-0.054,-0.144,-0.036,-0.117,-0.09,-0.108,-0.036,-0.117,-0.018,-0.188,-0.027,-0.109,-0.089,-0.118,-0.099,-0.125,-0.153,-0.243,-0.063,-0.145,-0.125,-0.101,-0.323,-0.18,-0.108,-0.109,-0.162,-0.098,-0.107,-0.251,-0.028,-0.127,-0.145,-0.08,-0.099,-0.082,-0.127,-0.098,-0.126,-0.181,-0.017,-0.1,-0.036,-0.144,-0.001,-0.108,-0.026,-0.088,-0.1,-0.091,0,24
-0.083,0,-0.07,-0.028,-0.083,-0.089,-0.127,-0.108,-0.189,-0.01,-0.127,-0.091,-0.099,-0.009,-0.117,-0.018,-0.071,-0.037,-0.146,-0.197,-0.128,-0.035,-0.137,-0.394,-0.466,-0.036,-0.119,-0.053,-0.133,-0.063,-0.128,-0.106,-0.137,0,-0.115,-0.09,-0.109,-0.044,-0.145,-0.162,-0.243,-0.046,-0.125,-0.053,-0.072,-0.109,-0.082,-0.631,-0.079,-0.143,-0.082,-0.135,-0.099,-0.044,-0.1,-0.341,-0.432,-0.036,-0.118,-0.116,-0.108,-0.712,-0.125,-0.062,-0.136,-0.037,-0.09,-0.099,-0.108,-0.126,-0.209,-0.045,-0.126,-0.135,-0.118,-0.141,-0.251,-0.047,-0.145,-0.135,-0.117,-0.225,-0.11,-0.161,-0.083,-0.153,-0.052,-0.299,-0.406,-0.027,-0.162,-0.036,-0.126,-0.063,-0.127,-0.081,-0.117,24
-0.011,-0.054,-0.055,-0.089,-0.101,-0.082,-0.279,-0.385,-0.037,-0.118,-0.1,-0.11,0,-0.125,-0.001,-0.071,-0.046,-0.099,-0.081,-0.144,-0.027,-0.119,-0.106,-0.224,-0.028,-0.116,-0.045,-0.108,-0.073,-0.127,-0.044,-0.1,-0.044,-0.129,-0.117,-0.089,-0.053,-0.155,-0.18,-0.27,-0.027,-0.098,-0.019,-0.099,-0.082,-0.106,-0.622,-0.693,-0.027,-0.11,-0.117,-0.091,-0.018,-0.127,-0.016,-0.18,-0.065,-0.082,-0.107,-0.09,-0.063,-0.134,-0.026,-0.089,-0.046,-0.127,-0.09,-0.117,-0.117,-0.217,-0.047,-0.155,-0.16,-0.109,-0.081,-0.207,-0.047,-0.125,-0.192,-0.117,-0.063,-0.118,-0.107,-0.091,-0.099,-0.1,-0.001,-0.062,-0.046,-0.119,-0.027,-0.126,-0.061,-0.125,-0.117,-0.091,-0.521,24
-0.063,-0.048,-0.063,-0.113,-0.064,-0.016,-0.063,-0.097,-0.112,-0.096,-0.064,-0.144,-0.096,-0.096,-0.087,-0.009,-0.064,-0.096,-0.064,-0.113,-0.071,-0.056,-0.072,-0.103,-0.057,-0.08,-0.144,-0.008,-0.064,-0.103,-0.057,-0.089,-0.071,-0.088,-0.08,-0.128,-0.072,-0.064,-0.056,-0.2,-0.104,-0.08,-0.08,-0.04,-0.096,-0.016,-0.072,-0.096,-0.104,-0.112,-0.072,-0.104,-0.072,-0.056,-0.128,-0.008,-0.055,-0.089,-0.071,-0.105,-0.056,-0.056,-0.056,-0.056,-0.072,-0.096,-0.063,-0.097,-0.064,-0.072,-0.072,-0.088,-0.072,-0.128,-0.072,-0.024,-0.064,-0.056,-0.072,-0.056,-0.064,-0.145,-0.071,-0.12,-0.072,-0.088,-0.064,-0.024,-0.071,-0.041,-0.08,-0.04,-0.079,-0.089,-0.071,-0.097,-0.064,25
-0.062,-0.04,-0.064,-0.105,-0.064,-0.351,-0.072,-0.065,-0.096,-0.113,-0.079,-0.119,-0.08,-0.08,-0.137,-0.032,-0.071,-0.089,-0.063,-0.089,-0.064,-0.048,-0.055,-0.161,-0.079,-0.081,-0.138,-0.022,-0.063,-0.087,-0.057,-0.087,-0.057,-0.096,-0.055,-0.097,-0.064,-0.056,-0.08,-0.047,-0.073,-0.079,-0.065,-0.04,-0.063,-0.089,-0.144,-0.008,-0.104,-0.105,-0.072,-0.08,-0.08,-0.031,-0.095,-0.024,-0.072,-0.088,-0.064,-0.09,-0.063,-0.048,-0.063,-0.032,-0.08,-0.073,-0.08,-0.096,-0.064,-0.04,-0.072,-0.088,-0.071,-0.113,-0.193,-0.008,-0.064,-0.096,-0.064,-0.048,-0.064,-0.151,-0.064,-0.129,-0.063,-0.08,-0.073,-0.336,-0.063,-0.073,-0.063,-0.049,-0.072,-0.087,-0.065,-0.104,-0.064,25
-0.063,-0.24,-0.08,-0.08,-0.08,-0.008,-0.064,-0.088,-0.088,-0.089,-0.071,-0.112,-0.08,-0.096,-0.064,-0.016,-0.08,-0.088,-0.072,-0.096,-0.072,-0.096,-0.12,-0.656,-0.072,-0.071,-0.144,-0.017,-0.072,-0.104,-0.072,-0.08,-0.071,-0.097,-0.072,-0.088,-0.071,-0.065,-0.071,-0.129,-0.079,-0.081,-0.072,-0.048,-0.072,-0.064,-0.089,-0.879,-0.088,-0.417,-0.071,-0.097,-0.07,-0.049,-0.129,-0.007,-0.065,-0.095,-0.063,-0.097,-0.08,-0.073,-0.095,-0.232,-0.081,-0.095,-0.079,-0.097,-0.064,-0.096,-0.088,-0.096,-0.072,-0.144,-0.064,-0.064,-0.072,-0.08,-0.073,-0.111,-0.08,-0.145,-0.071,-0.128,-0.087,-0.089,-0.08,-0.056,-0.088,-0.039,-0.081,-0.048,-0.088,-0.112,-0.136,-0.152,-0.08,25
-0.072,-0.039,-0.056,-0.097,-0.072,-0.024,-0.072,-0.048,-0.072,-0.104,-0.072,-0.12,-0.064,-0.048,-0.12,-0.016,-0.064,-0.08,-0.072,-0.088,-0.073,-0.054,-0.065,-0.16,-0.087,-0.065,-0.121,-0.023,-0.056,-0.104,-0.056,-0.087,-0.065,-0.087,-0.065,-0.096,-0.072,-0.088,-0.088,-0.008,-0.064,-0.08,-0.064,-0.024,-0.064,-0.08,-0.08,-0.032,-0.064,-0.096,-0.055,-0.105,-0.064,-0.04,-0.087,-0.034,-0.081,-0.088,-0.064,-0.088,-0.079,-0.04,-0.065,-0.039,-0.073,-0.08,-0.072,-0.082,-0.07,-0.064,-0.071,-0.097,-0.064,-0.144,-0.088,-0.112,-0.072,-0.08,-0.063,-0.113,-0.063,-0.137,-0.056,-0.112,-0.063,-0.081,-0.137,-0.016,-0.063,-0.073,-0.135,-0.041,-0.079,-0.128,-0.08,-0.113,-0.071,25
-0.071,-0.064,-0.064,-0.088,-0.072,-0.024,-0.064,-0.063,-0.073,-0.096,-0.072,-0.088,-0.071,-0.025,-0.096,-0.017,-0.064,-0.081,-0.072,-0.08,-0.072,-0.032,-0.063,-0.146,-0.062,-0.081,-0.112,-0.041,-0.064,-0.106,-0.063,-0.071,-0.065,-0.096,-0.056,-0.103,-0.08,-0.129,-0.079,-0.025,-0.063,-0.073,-0.072,-0.023,-0.065,-0.081,-0.07,-0.009,-0.063,-0.097,-0.071,-0.089,-0.071,-0.049,-0.113,-0.016,-0.056,-0.096,-0.072,-0.08,-0.071,-0.05,-0.071,-0.04,-0.072,-0.096,-0.063,-0.089,-0.064,-0.063,-0.08,-0.097,-0.056,-0.12,-0.064,-0.007,-0.056,-0.081,-0.063,-0.05,-0.07,-0.136,-0.051,-0.126,-0.08,-0.096,-0.08,-0.032,-0.063,-0.065,-0.072,-0.064,-0.071,-0.081,-0.072,-0.088,-0.071,25
-0.083,-0.001,-0.063,-0.106,-0.073,-0.012,-0.069,-0.052,-0.067,-0.109,-0.173,-0.026,-0.067,-0.004,-0.055,-0.051,-0.11,-0.046,-0.105,-0.015,-0.07,-0.038,-0.082,-0.034,-0.034,-0.017,-0.067,-0.04,-0.078,-0.063,-0.121,-0.061,-0.079,-0.107,-0.083,-0.031,-0.061,-0.071,-0.137,-0.04,-0.081,-0.022,-0.069,-0.006,-0.061,-0.039,-0.081,-0.111,-0.139,-0.049,-0.016,-0.023,-0.077,-0.029,-0.088,-0.051,-0.064,-0.111,-0.078,-0.17,-0.068,-0.058,-0.097,-0.045,-0.058,-0.096,-0.06,-0.003,-0.032,-0.051,-0.096,-0.116,-0.159,-0.038,-0.02,-0.039,-0.074,-0.104,-0.154,-0.007,-0.071,-0.1,-0.061,-0.092,-0.128,-0.024,-0.011,-0.031,-0.077,-0.067,-0.116,-0.04,-0.049,-0.107,-0.039,-4.926,-0.067,27
-0.09,-0.02,-0.056,-0.103,-0.079,-0.007,-0.045,-0.115,-0.039,-0.106,-0.154,-0.033,-0.033,-0.02,-0.074,-0.035,-0.093,-0.046,-0.061,-0.118,-0.087,-0.018,-0.075,-0.07,-0.134,-0.032,-0.05,-0.005,-0.054,-0.049,-0.089,-0.072,-0.131,-0.059,-0.059,-0.102,-0.078,-0.006,-0.07,-0.055,-0.115,-0.039,-0.083,-0.028,-0.062,-0.01,-0.054,-0.007,-0.086,-0.098,-0.117,-0.036,-0.048,-0.006,-0.059,-0.02,-0.082,-0.045,-0.054,-0.114,-0.062,-0.834,-0.072,-0.105,-0.167,-0.034,-0.062,-0.096,-0.142,-0.014,-0.033,-0.046,-0.066,-0.113,-0.075,-0.006,-0.096,-0.022,-0.078,-0.141,-0.063,-0.001,-0.075,-0.117,-0.061,-0.103,-0.148,-0.016,-0.02,-0.056,-0.09,-0.064,-0.112,-0.045,-0.066,-0.098,-0.058,27
-0.077,-0.026,-0.08,-0.12,-0.174,-0.024,-0.079,-0.036,-0.07,-0.108,-0.162,-0.018,-0.032,-0.022,-0.064,-0.054,-0.114,-0.048,-0.066,-0.128,-0.076,-0.038,-0.076,-0.05,-0.103,-0.031,-0.052,-0.008,-0.039,-0.051,-0.093,-0.075,-0.135,-0.041,-0.068,-0.104,-0.076,-0.048,-0.044,-0.036,-0.104,-0.044,-0.098,-0.002,-0.06,0,-0.08,-0.008,-0.066,-0.102,-0.136,-0.042,-0.088,-0.001,-0.061,-0.03,-0.102,-0.05,-0.074,-0.113,-0.066,-0.044,-0.044,-0.158,-0.216,-0.042,-0.058,-0.11,-0.171,-0.015,-0.018,-0.052,-0.078,-0.107,-0.142,-0.184,-0.004,-0.05,-0.101,-0.105,-0.151,-0.021,-0.072,-0.116,-0.061,-0.093,-0.11,-0.041,-0.023,-0.037,-0.092,-0.073,-0.12,-0.04,-0.062,-0.11,-0.046,27
-0.033,-0.076,-0.11,-0.156,-0.024,-0.08,-0.032,-0.077,-0.106,-0.148,-0.028,-0.08,-0.002,-0.064,-0.024,-0.082,-0.042,-0.062,-0.1,-0.16,-0.016,-0.066,-0.016,-0.063,-0.034,-0.043,-0.006,-0.059,-0.05,-0.085,-0.091,-0.149,-0.056,-0.056,-0.094,-0.076,-0.019,-0.069,-0.034,-0.094,-0.042,-0.084,-0.024,-0.06,-0.02,-0.06,-0.023,-0.085,-0.109,-0.155,-0.03,-0.088,-0.036,-0.062,-0.006,-0.08,-0.046,-0.056,-0.104,-0.076,-0.024,-0.064,-0.214,-0.265,-0.041,-0.071,-0.127,-0.064,-0.052,-0.089,-0.027,-0.083,-0.13,-0.071,-0.334,-0.391,-0.058,-0.1,-0.134,-0.211,-0.022,-0.074,-0.104,-0.066,-0.086,-0.136,-0.014,-0.012,-0.052,-0.088,-0.061,-0.106,-0.068,-0.081,-0.113,-0.064,0,27
-0.006,-0.062,-0.115,-0.183,-0.006,-0.074,-0.014,-0.084,-0.1,-0.153,-0.033,-0.036,-0.018,-0.068,-0.022,-0.077,-0.041,-0.073,-0.102,-0.176,-0.026,-0.068,-0.018,-0.058,-0.038,-0.015,-0.034,-0.018,-0.05,-0.086,-0.09,-0.144,-0.054,-0.075,-0.118,-0.089,-0.014,-0.076,-0.049,-0.112,-0.05,-0.084,-0.042,-0.072,-0.006,-0.057,-0.072,-0.078,-0.096,-0.136,-0.046,-0.044,-0.004,-0.062,-0.014,-0.075,-0.039,-0.063,-0.114,-0.05,-0.008,-0.068,-0.082,-0.142,-0.049,-0.05,-0.101,-0.173,-0.004,-0.044,-0.057,-0.08,-0.112,-0.18,-0.02,-0.046,-0.024,-0.094,-0.13,-0.163,-0.027,-0.067,-0.114,-0.066,-0.091,-0.109,-0.149,-0.002,-0.032,-0.078,-0.068,-0.1,-0.048,-0.064,-0.11,-0.064,0,27
-0.093,-0.001,-0.097,-0.065,-0.052,-0.164,-0.098,-0.379,-0.087,-0.091,-0.191,-0.036,-0.082,-0.018,-0.045,-0.018,-0.065,-0.054,-0.098,-0.119,-0.09,-0.007,-0.093,-0.252,-0.369,-0.044,-0.1,0,-0.052,-0.056,-0.129,-0.051,-0.128,0,-0.08,-0.126,-0.071,-0.044,-0.083,-0.297,-0.396,-0.035,-0.1,0,-0.053,-0.116,-0.081,-0.49,-0.089,-0.064,-0.154,-0.018,-0.161,0,-0.074,0,-0.06,-0.027,-0.081,-0.129,-0.089,-0.054,-0.082,-0.197,-0.234,-0.053,-0.072,-0.119,-0.07,-0.091,-0.081,-0.099,-0.073,-0.136,-0.079,-0.081,-0.18,-0.053,-0.098,-0.325,-0.072,-0.055,-0.045,-0.116,-0.091,-0.089,-0.083,-0.026,-0.072,-0.034,-0.081,-0.036,-0.036,-0.073,-0.073,-0.144,-0.091,28
-0.083,-0.001,-0.103,-0.08,-0.054,-0.118,-0.089,-0.343,-0.073,-0.11,-0.206,-0.017,-0.137,-0.169,-0.063,-0.02,-0.102,-0.043,-0.09,-0.105,-0.121,-0.018,-0.061,-0.181,-0.282,-0.071,-0.035,-0.019,-0.036,-0.047,-0.11,-0.045,-0.169,-0.019,-0.071,-0.137,-0.118,-0.118,-0.099,-0.758,-0.855,-0.017,-0.107,-0.039,-0.081,-0.108,-0.115,-0.421,-0.095,-0.099,-0.171,-0.045,-0.135,0,-0.06,-0.001,-0.054,-0.054,-0.081,-0.136,-0.082,-0.018,-0.08,-0.154,-0.21,-0.053,-0.099,-0.08,-0.082,-0.064,-0.081,-0.088,-0.081,-0.17,-0.057,-0.127,-0.208,-0.062,-0.116,-0.406,-0.079,-0.027,-0.082,-0.116,-0.073,-0.091,-0.135,-0.036,-0.027,-0.053,-0.055,-0.008,-0.055,-0.048,-0.119,-0.197,-0.092,28
-0.078,-0.046,-0.127,-0.099,-0.089,-0.092,-0.109,-0.144,-0.051,-0.091,-0.201,-0.027,-0.073,-0.027,-0.052,-0.017,-0.073,-0.057,-0.12,-0.126,-0.108,-0.018,-0.11,-0.125,-0.232,-0.063,-0.054,-0.028,-0.027,-0.055,-0.099,-0.658,-0.74,-0.043,-0.088,-0.12,-0.106,-0.137,-0.116,-0.271,-0.333,-0.029,-0.094,0,-0.087,-0.1,-0.091,-0.118,-0.052,-0.117,-0.2,-0.018,-0.136,0,-0.109,-0.018,-0.081,-0.052,-0.088,-0.119,-0.081,-0.036,-0.089,-0.216,-0.289,-0.029,-0.083,-0.117,-0.063,-0.062,-0.054,-0.082,-0.065,-0.135,-0.07,-0.084,-0.181,-0.045,-0.098,-0.182,-0.064,-0.054,-0.073,-0.099,-0.089,-0.108,-0.181,-0.017,-0.047,-0.027,-0.079,-0.018,-0.066,-0.043,-0.097,-0.127,-0.1,28
-0.08,-0.074,-0.045,-0.475,-0.1,-0.144,-0.073,-0.375,-0.083,-0.162,-0.263,-0.017,-0.134,-0.017,-0.083,0,-0.088,-0.027,-0.074,-0.152,-0.071,-0.079,-0.083,-0.164,-0.262,-0.082,0,-0.041,-0.029,-0.054,-0.099,-0.549,-0.605,-0.063,-0.114,-0.12,-0.08,-0.072,-0.11,-0.559,-0.647,-0.028,-0.091,-0.009,-0.069,-0.111,-0.082,-0.1,-0.19,-0.033,-0.097,-0.099,-0.136,-0.011,-0.054,-0.063,-0.088,-0.047,-0.083,-0.134,-0.096,-0.037,-0.09,-0.531,-0.622,-0.044,-0.081,-0.127,-0.081,-0.054,-0.073,-0.09,-0.072,-0.171,-0.053,-0.074,-0.173,-0.046,-0.097,-0.166,-0.071,-0.046,-0.08,-0.126,-0.07,-0.099,-0.144,-0.037,-0.047,-0.026,-0.099,-0.018,-0.019,-0.045,-0.115,-0.128,-0.097,28
-0.1,-0.001,-0.099,-0.099,-0.082,-0.109,-0.087,-0.31,-0.051,-0.109,-0.189,-0.035,-0.154,-0.028,-0.091,-0.702,-0.764,-0.046,-0.107,-0.138,-0.09,-0.054,-0.088,-0.216,-0.29,-0.056,-0.044,-0.018,-0.046,-0.06,-0.099,-0.106,-0.225,-0.008,-0.089,-0.126,-0.102,-0.027,-0.117,-0.313,-0.395,-0.045,-0.054,-0.046,-0.09,-0.109,-0.108,-1.484,-0.088,-0.162,-0.11,-0.063,-0.107,-0.072,-0.152,-0.02,-0.052,-0.046,-0.075,-0.135,-0.09,-0.025,-0.107,-0.525,-0.624,-0.063,-0.118,-0.127,-0.115,-0.326,-0.108,-0.1,-0.071,-0.126,-0.053,-0.046,-0.126,-0.053,-0.102,-0.107,-0.061,-0.056,-0.082,-0.143,-0.054,-0.226,-0.099,-0.116,-0.205,-0.007,-0.117,0,-0.063,-0.073,-0.119,-0.127,-0.099,28
-0.093,-0.119,-0.102,-0.099,-0.108,-0.104,-0.093,-0.624,-0.093,-0.156,-0.08,-0.149,-0.097,-0.165,-0.083,-0.096,-0.115,-0.086,-0.099,-0.151,-0.1,-0.078,-0.111,-0.435,-0.112,-0.072,-0.099,-0.064,-0.086,-0.126,-0.105,-0.153,-0.088,-0.134,-0.086,-0.145,-0.111,-0.05,-0.107,-0.174,-0.07,-0.104,-0.12,-0.131,-0.105,-0.057,-0.108,-0.184,-0.061,-0.34,-0.088,-0.971,-0.124,-0.288,-0.089,-0.091,-0.081,-0.116,-0.141,-0.109,-0.08,-1.608,-0.118,-0.102,-0.104,-0.099,-0.112,-0.138,-0.1,-0.067,-0.082,-0.102,-0.102,-0.131,-0.09,-0.096,-0.102,-0.133,-0.099,-0.067,-0.111,-0.167,-0.093,-0.145,-0.106,-0.067,-0.11,-0.156,-0.123,-0.078,-0.121,-0.075,-0.107,-0.115,-0.102,-0.074,-0.125,29
-0.106,-0.122,-0.113,-0.122,-0.111,-0.149,-0.084,-0.849,-0.089,-0.062,-0.091,-0.285,-0.104,-0.074,-0.105,-0.099,-0.107,-0.116,-0.09,-0.113,-0.121,-0.094,-0.085,-0.422,-0.099,-0.082,-0.096,-0.058,-0.101,-0.116,-0.111,-0.13,-0.099,-0.13,-0.106,-0.192,-0.099,-0.966,-0.099,-0.132,-0.097,-0.053,-0.095,-0.096,-0.107,-0.063,-0.082,-0.134,-0.101,-0.051,-0.088,-0.228,-0.105,-0.067,-0.098,-0.079,-0.1,-0.117,-0.099,-0.14,-0.093,-0.088,-0.084,-0.241,-0.099,-0.113,-0.1,-0.168,-0.093,-0.111,-0.097,-0.106,-0.098,-0.228,-0.096,-0.066,-0.102,-0.143,-0.102,-0.251,-0.093,-0.179,-0.088,-0.136,-0.111,-0.062,-0.111,-0.074,-0.103,-0.161,-0.097,-0.145,-0.096,-0.094,-0.105,-0.149,-0.1,29
-0.089,-0.083,-0.103,-0.086,-0.083,-0.142,-0.053,-0.6,-0.09,-0.125,-0.095,-0.248,-0.1,-0.051,-0.095,-0.07,-0.106,-0.097,-0.09,-0.144,-0.097,-0.072,-0.112,-0.279,-0.099,-0.089,-0.1,-0.091,-0.101,-0.108,-0.089,-0.112,-0.105,-0.114,-0.106,-0.149,-0.108,-0.127,-0.102,-0.197,-0.093,-0.066,-0.089,-0.171,-0.112,-0.051,-0.096,-0.166,-0.097,-0.062,-0.088,-0.208,-0.108,-0.048,-0.088,-0.067,-0.1,-0.099,-0.08,-0.129,-0.111,-0.058,-0.089,-0.05,-0.107,-0.122,-0.097,-0.146,-0.099,-0.038,-0.102,-0.101,-0.095,-0.172,-0.118,-0.086,-0.098,-0.148,-0.089,-0.177,-0.104,-0.142,-0.09,-0.123,-0.098,-0.079,-0.104,-0.01,-0.113,-0.163,-0.085,-0.152,-0.099,-0.087,-0.095,-0.123,-0.102,29
-0.099,-0.093,-0.102,-0.107,-0.111,-0.119,-0.089,-0.76,-0.097,-0.057,-0.068,-0.26,-0.108,-0.052,-0.084,-0.1,-0.098,-0.103,-0.094,-0.147,-0.089,-0.058,-0.107,-0.375,-0.098,-0.088,-0.098,-0.087,-0.092,-0.107,-0.088,-0.1,-0.109,-0.124,-0.072,-0.185,-0.107,-0.064,-0.089,-0.188,-0.062,-0.103,-0.057,-0.204,-0.095,-0.595,-0.073,-0.335,-0.101,-0.124,-0.102,-0.225,-0.11,-0.036,-0.094,-0.089,-0.09,-0.102,-0.083,-0.164,-0.092,-0.053,-0.096,-0.109,-0.103,-0.096,-0.099,-0.146,-0.103,-0.052,-0.084,-0.11,-0.088,-0.19,-0.109,-0.084,-0.091,-0.149,-0.087,-0.189,-0.094,-0.161,-0.082,-0.141,-0.099,-0.074,-0.096,-0.051,-0.096,-0.165,-0.099,-0.146,-0.092,-0.081,-0.08,-0.117,-0.102,29
-0.094,-0.057,-0.098,-0.184,-0.096,-0.116,-0.098,-0.352,-0.095,-0.124,-0.105,-0.203,-0.094,-0.056,-0.093,-0.084,-0.105,-0.086,-0.084,-0.139,-0.097,-0.101,-0.09,-0.488,-0.1,-0.097,-0.093,-0.038,-0.097,-0.136,-0.098,-0.133,-0.105,-0.087,-0.067,-0.277,-0.098,-0.171,-0.085,-0.553,-0.083,-0.116,-0.083,-0.163,-0.11,-0.404,-0.099,-0.08,-0.085,-0.605,-0.052,-1.715,-0.101,-0.359,-0.092,-0.103,-0.105,-0.115,-0.09,-0.157,-0.101,-0.064,-0.099,-0.327,-0.092,-0.115,-0.093,-0.162,-0.106,-0.08,-0.087,-0.078,-0.106,-0.182,-0.102,-0.088,-0.116,-0.155,-0.096,-0.043,-0.101,-0.148,-0.101,-0.109,-0.107,-0.069,-0.094,-0.052,-0.107,-0.148,-0.109,-0.137,-0.106,-0.083,-0.085,-0.116,-0.1,29
-0.088,-0.85,-0.997,-0.012,-0.136,-0.261,-0.075,-0.61,-0.116,-0.164,-0.105,-0.236,-0.071,-0.497,-0.076,-0.42,-0.085,-0.116,-0.068,-0.161,-0.054,-0.43,-0.084,-0.925,-1.054,-0.057,-0.116,-0.377,-0.06,-0.139,-0.085,-0.492,-0.164,-0.113,-0.088,-0.148,-0.073,-0.355,-0.08,-0.729,-0.076,-0.22,-0.064,-0.472,-0.07,-0.224,-0.071,-0.177,-0.08,-0.14,-0.075,-0.217,-0.068,-0.442,-0.071,-0.36,-0.08,-0.125,-0.068,-0.164,-0.064,-0.22,-0.083,-0.286,-0.092,-0.152,-0.072,-0.14,-0.08,-0.509,-0.588,-0.092,-0.15,-0.164,-0.071,-0.441,-0.089,-0.139,-0.06,-0.429,-0.101,-0.268,-0.064,-0.184,-0.079,-0.125,-0.068,-0.306,-0.087,-0.184,-0.081,-0.224,-0.062,-0.133,-0.069,-0.116,-0.068,40
-0.064,-0.277,-0.108,-0.075,-0.076,-0.149,-0.079,-0.305,-0.084,-0.14,-0.068,-0.226,-0.07,-0.42,-0.089,-0.381,-0.08,-0.108,-0.084,-0.129,-0.071,-0.249,-0.084,-1.053,-1.141,-0.104,-0.152,-0.405,-0.076,-0.12,-0.06,-0.155,-0.079,-0.135,-0.064,-0.166,-0.062,-0.533,-0.072,-0.536,-0.064,-0.238,-0.056,-0.398,-0.07,-0.139,-0.07,-0.446,-0.062,-0.127,-0.072,-0.234,-0.064,-0.436,-0.083,-0.298,-0.064,-0.108,-0.068,-0.115,-0.053,-0.191,-0.068,-0.242,-0.067,-0.125,-0.064,-0.119,-0.072,-0.861,-0.961,-0.076,-0.137,-0.08,-0.109,-0.813,-0.088,-0.104,-0.08,-0.469,-0.068,-0.26,-0.068,-0.208,-0.067,-0.141,-0.064,-0.437,-0.079,-0.165,-0.064,-0.228,-0.072,-0.135,-0.061,-0.121,-0.039,40
-0.077,-0.4,-0.084,-0.08,-0.072,-0.156,-0.083,-0.326,-0.096,-0.149,-0.083,-0.217,-0.08,-0.433,-0.084,-0.349,-0.072,-0.107,-0.068,-0.113,-0.068,-0.197,-0.064,-0.568,-0.661,-0.076,-0.136,-0.441,-0.078,-0.129,-0.068,-0.164,-0.089,-0.124,-0.076,-0.149,-0.067,-0.345,-0.071,-0.177,-0.079,-0.23,-0.068,-0.517,-0.079,-0.153,-0.08,-0.204,-0.064,-0.153,-0.072,-0.224,-0.059,-0.482,-0.076,-0.328,-0.072,-0.109,-0.067,-0.124,-0.069,-0.269,-0.072,-0.869,-0.079,-0.132,-0.092,-0.075,-0.088,-0.744,-0.819,-0.068,-0.108,-0.003,-0.101,-0.488,-0.076,-0.121,-0.068,-0.449,-0.087,-0.194,-0.063,-0.185,-0.076,-0.16,-0.064,-0.349,-0.08,-0.152,-0.071,-0.246,-0.067,-0.129,-0.063,-0.128,-0.061,40
-0.07,-0.406,-0.084,-0.104,-0.071,-0.164,-0.073,-0.193,-0.081,-0.159,-0.079,-0.242,-0.06,-0.472,-0.084,-0.313,-0.071,-0.109,-0.076,-0.124,-0.061,-0.24,-0.063,-0.406,-0.505,-0.061,-0.12,-0.41,-0.084,-0.141,-0.078,-0.203,-0.071,-0.144,-0.056,-0.151,-0.068,-0.334,-0.075,-0.254,-0.071,-0.261,-0.071,-0.49,-0.083,-0.149,-0.073,-0.208,-0.069,-0.119,-0.072,-0.228,-0.066,-0.444,-0.08,-0.335,-0.064,-0.11,-0.071,-0.125,-0.063,-0.193,-0.079,-0.417,-0.045,-0.188,-0.068,-0.138,-0.071,-0.705,-0.814,-0.06,-0.159,-0.401,-0.084,-0.552,-0.077,-0.116,-0.072,-0.432,-0.082,-0.228,-0.071,-0.161,-0.067,-0.145,-0.076,-0.533,-0.084,-0.143,-0.081,-0.649,-0.063,-0.113,-0.064,-0.108,-0.061,40
-0.055,-0.398,-0.063,-0.117,-0.067,-0.282,-0.064,-0.16,-0.074,-0.147,-0.068,-0.227,-0.077,-0.436,-0.065,-0.364,-0.072,-0.117,-0.072,-0.128,-0.063,-0.262,-0.052,-0.556,-0.081,-0.175,-0.072,-0.526,-0.071,-0.128,-0.076,-0.39,-0.064,-0.163,-0.064,-0.177,-0.072,-0.36,-0.069,-0.223,-0.078,-0.235,-0.056,-0.462,-0.064,-0.155,-0.073,-0.219,-0.062,-0.132,-0.079,-0.253,-0.068,-0.461,-0.067,-0.358,-0.063,-0.111,-0.077,-0.116,-0.064,-0.349,-0.068,-0.505,-0.064,-0.173,-0.088,-0.207,-0.06,-0.75,-0.092,-0.141,-0.063,-0.41,-0.06,-0.46,-0.076,-0.12,-0.069,-0.419,-0.064,-0.314,-0.063,-0.272,-0.068,-0.178,-0.063,-0.578,-0.067,-0.189,-0.079,-0.264,-0.066,-0.108,-0.059,-0.12,-0.056,40
-0.072,-0.397,-0.099,-0.289,-0.051,-0.19,-0.044,-0.472,-0.056,-0.204,-0.06,-0.501,-0.066,-0.423,-0.057,-0.464,-0.076,-0.213,-0.056,-0.245,-0.056,-0.22,-0.068,-0.556,-0.076,-0.14,-0.066,-0.584,-0.069,-0.279,-0.06,-0.253,-0.069,-0.188,-0.059,-0.245,-0.051,-0.233,-0.06,-0.213,-0.079,-0.27,-0.088,-0.363,-0.064,-0.221,-0.056,-0.693,-0.064,-0.224,-0.068,-0.457,-0.061,-0.5,-0.053,-0.469,-0.063,-0.165,-0.075,-0.213,-0.072,-0.237,-0.056,-0.316,-0.071,-0.202,-0.047,-0.237,-0.055,-0.673,-0.077,-0.155,-0.061,-0.409,-0.075,-0.588,-0.053,-0.192,-0.077,-0.393,-0.056,-0.384,-0.06,-0.286,-0.047,-0.216,-0.052,-0.56,-0.064,-0.562,-0.076,-0.264,-0.052,-0.129,-0.071,-0.153,-0.067,41
-0.087,-0.398,-0.071,-0.232,-0.076,-0.181,-0.06,-0.368,-0.081,-0.191,-0.068,-0.401,-0.068,-0.402,-0.063,-0.433,-0.072,-0.142,-0.059,-0.195,-0.036,-0.437,-0.08,-0.982,-0.071,-0.141,-0.056,-0.513,-0.071,-0.202,-0.064,-0.175,-0.064,-0.204,-0.052,-0.207,-0.058,-0.236,-0.049,-0.212,-0.068,-0.235,-0.077,-0.309,-0.069,-0.208,-0.063,-0.281,-0.06,-0.189,-0.052,-0.432,-0.072,-0.365,-0.068,-0.518,-0.063,-0.144,-0.068,-0.193,-0.055,-0.222,-0.056,-0.304,-0.063,-0.177,-0.06,-0.16,-0.073,-0.72,-0.068,-0.145,-0.064,-0.368,-0.06,-0.55,-0.059,-0.197,-0.085,-0.448,-0.061,-0.323,-0.065,-0.228,-0.06,-0.197,-0.057,-0.535,-0.061,-0.389,-0.063,-0.258,-0.059,-0.155,-0.065,-0.169,-0.058,41
-0.08,-0.364,-0.064,-0.377,-0.088,-0.362,-0.067,-0.533,-0.052,-0.189,-0.067,-0.346,-0.076,-0.433,-0.047,-0.441,-0.059,-0.161,-0.055,-0.189,-0.056,-0.214,-0.051,-0.506,-0.055,-0.152,-0.056,-0.733,-0.052,-0.181,-0.064,-0.197,-0.055,-0.177,-0.057,-0.2,-0.067,-0.23,-0.067,-0.233,-0.063,-0.234,-0.067,-0.357,-0.052,-0.208,-0.06,-0.398,-0.06,-0.199,-0.053,-0.476,-0.06,-0.453,-0.06,-0.445,-0.051,-0.182,-0.047,-0.196,-0.073,-0.251,-0.076,-0.265,-0.08,-0.173,-0.083,-0.198,-0.07,-0.519,-0.064,-0.172,-0.067,-0.434,-0.067,-0.613,-0.06,-0.236,-0.077,-0.473,-0.051,-0.306,-0.05,-0.193,-0.052,-0.189,-0.048,-0.45,-0.068,-0.251,-0.069,-0.241,-0.051,-0.14,-0.064,-0.149,-0.059,41
-0.063,-0.448,-0.068,-0.222,-0.063,-0.22,-0.057,-0.3,-0.073,-0.184,-0.048,-0.369,-0.063,-0.454,-0.071,-0.378,-0.067,-0.136,-0.061,-0.192,-0.06,-0.229,-0.044,-0.498,-0.06,-0.147,-0.064,-0.541,-0.072,-0.196,-0.064,-0.194,-0.047,-0.205,-0.055,-0.209,-0.06,-0.257,-0.048,-0.201,-0.06,-0.24,-0.079,-0.354,-0.063,-0.233,-0.06,-0.261,-0.059,-0.221,-0.066,-0.403,-0.08,-0.389,-0.059,-0.441,-0.061,-0.127,-0.068,-0.177,-0.059,-0.242,-0.047,-0.256,-0.089,-0.173,-0.064,-0.176,-0.068,-0.696,-0.057,-0.153,-0.084,-0.424,-0.063,-0.529,-0.064,-0.202,-0.054,-0.431,-0.059,-0.329,-0.067,-0.205,-0.056,-0.152,-0.068,-0.525,-0.081,-0.348,-0.07,-0.218,-0.048,-0.133,-0.068,-0.168,-0.055,41
-0.072,-0.4,-0.065,-0.201,-0.063,-0.184,-0.044,-0.314,-0.064,-0.176,-0.055,-0.353,-0.056,-0.361,-0.067,-0.407,-0.071,-0.127,-0.069,-0.168,-0.057,-0.235,-0.056,-0.438,-0.071,-0.137,-0.063,-0.538,-0.071,-0.164,-0.061,-0.489,-0.061,-0.179,-0.044,-0.189,-0.075,-0.236,-0.058,-0.171,-0.056,-0.26,-0.088,-0.358,-0.059,-0.2,-0.052,-0.4,-0.056,-0.319,-0.067,-0.44,-0.036,-0.441,-0.062,-0.39,-0.081,-0.115,-0.076,-0.189,-0.062,-0.23,-0.063,-0.277,-0.077,-0.164,-0.051,-0.166,-0.084,-0.52,-0.087,-0.157,-0.073,-0.346,-0.069,-0.554,-0.095,-0.212,-0.061,-0.421,-0.083,-0.301,-0.073,-0.207,-0.085,-0.208,-0.04,-0.477,-0.067,-0.276,-0.073,-0.209,-0.059,-0.141,-0.052,-0.13,-0.066,41
-0.09,-0.073,-0.087,-0.082,-0.081,-0.097,-0.08,-0.123,-0.061,-0.031,-0.118,-0.006,-0.065,-0.008,-0.077,-0.012,-0.079,-0.032,-0.055,-0.098,-0.054,-0.043,-0.07,-0.142,-0.07,-0.084,-0.144,-0.014,-0.051,-0.022,-0.1,-0.004,-0.085,-0.035,-0.046,-0.114,-0.091,-0.069,-0.06,-0.052,-0.098,0,-0.054,-0.021,-0.064,-0.088,-0.072,-0.192,-0.047,-0.033,-0.107,-0.019,-0.075,-0.014,-0.063,-0.02,-0.072,-0.037,-0.07,-0.088,-0.069,-0.035,-0.068,-0.046,-0.093,-0.023,-0.055,-0.095,-0.055,-0.103,-0.07,-0.087,-0.075,-0.123,-0.061,-0.036,-0.06,-0.055,-0.104,-0.082,-0.076,-0.044,-0.052,-0.134,-0.074,-0.096,-0.133,-0.018,-0.045,-0.018,-0.074,-0.01,-0.059,-0.038,-0.045,-0.098,-0.049,42
-0.105,-0.067,-0.098,-0.057,-0.079,-0.08,-0.074,-0.134,-0.18,-0.003,-0.076,-0.021,-0.068,-0.002,-0.062,-0.005,-0.037,-0.045,-0.077,-0.086,-0.068,-0.156,-0.052,-0.163,-0.046,-0.084,-0.143,-0.015,-0.051,-0.03,-0.101,-0.029,-0.133,-0.004,-0.05,-0.088,-0.077,-0.075,-0.062,-0.018,-0.104,-0.003,-0.061,-0.02,-0.06,-0.084,-0.069,-0.111,-0.151,-0.026,-0.058,-0.016,-0.089,-0.005,-0.06,-0.015,-0.07,-0.024,-0.079,-0.094,-0.073,-0.031,-0.057,-0.066,-0.13,-0.027,-0.058,-0.1,-0.049,-0.102,-0.069,-0.079,-0.083,-0.125,-0.066,-0.027,-0.067,-0.067,-0.096,-0.097,-0.075,-0.037,-0.064,-0.163,-0.071,-0.102,-0.124,-0.048,-0.073,-0.002,-0.085,-0.008,-0.071,-0.038,-0.065,-0.1,-0.042,42
-0.084,-0.037,-0.067,-0.16,-0.066,-0.104,-0.057,-0.134,-0.172,-0.008,-0.067,-0.026,-0.074,-0.041,-0.098,-0.003,-0.038,-0.033,-0.068,-0.08,-0.063,-0.025,-0.076,-0.113,-0.073,-0.088,-0.114,-0.036,-0.02,-0.027,-0.11,-0.021,-0.096,-0.021,-0.06,-0.088,-0.063,-0.079,-0.071,-0.033,-0.106,-0.009,-0.071,-0.015,-0.056,-0.077,-0.069,-0.113,-0.161,-0.015,-0.053,-0.025,-0.075,-0.038,-0.071,-0.013,-0.064,-0.034,-0.059,-0.088,-0.058,-0.043,-0.06,-0.073,-0.11,-0.022,-0.068,-0.082,-0.07,-0.052,-0.072,-0.082,-0.079,-0.148,-0.054,-0.123,-0.218,-0.017,-0.091,-0.069,-0.076,-0.047,-0.061,-0.123,-0.077,-0.096,-0.137,-0.026,-0.027,-0.02,-0.084,-0.014,-0.055,-0.051,-0.065,-0.089,-0.072,42
-0.081,-0.039,-0.08,-0.128,-0.067,-0.094,-0.06,-0.136,-0.199,-0.003,-0.077,-0.007,-0.072,-0.031,-0.06,-0.022,-0.084,-0.027,-0.05,-0.097,-0.058,-0.026,-0.05,-0.129,-0.074,-0.083,-0.13,-0.022,-0.033,-0.041,-0.095,-0.05,-0.117,-0.029,-0.045,-0.095,-0.071,-0.097,-0.069,-0.028,-0.115,-0.016,-0.044,-0.011,-0.066,-0.079,-0.066,-0.121,-0.063,-0.002,-0.065,-0.025,-0.107,-0.001,-0.061,-0.007,-0.065,-0.041,-0.062,-0.09,-0.072,-0.032,-0.071,-0.035,-0.1,-0.025,-0.067,-0.108,-0.083,-0.199,-0.072,-0.078,-0.074,-0.126,-0.065,-0.029,-0.052,-0.054,-0.074,-0.107,-0.081,-0.01,-0.064,-0.109,-0.082,-0.1,-0.065,-0.207,-0.269,-0.022,-0.107,-0.004,-0.068,-0.05,-0.072,-0.083,-0.066,42
-0.086,-0.054,-0.068,-0.15,-0.064,-0.102,-0.055,-0.141,-0.187,-0.002,-0.106,-0.002,-0.078,-0.057,-0.064,-0.758,-0.813,-0.039,-0.075,-0.098,-0.062,-0.149,-0.06,-0.15,-0.061,-0.077,-0.084,-0.042,-0.119,-0.021,-0.101,-0.059,-0.123,-0.028,-0.089,-0.091,-0.092,-0.063,-0.06,-0.338,-0.066,-0.014,-0.114,-0.01,-0.085,-0.384,-0.075,-0.15,-0.192,-0.02,-0.054,-0.018,-0.088,-0.034,-0.083,-0.01,-0.057,-0.033,-0.064,-0.087,-0.074,-0.062,-0.048,-0.2,-0.261,-0.038,-0.087,-0.098,-0.069,-0.088,-0.064,-0.105,-0.066,-0.131,-0.065,-0.062,-0.118,-0.069,-0.095,-0.132,-0.091,-0.03,-0.053,-0.125,-0.078,-0.104,-0.067,-0.034,-0.103,-0.013,-0.106,-0.001,-0.087,-0.033,-0.074,-0.088,-0.077,42
-0.06,-0.132,-0.072,-1.764,-0.083,-0.051,-0.099,-0.813,-0.912,-0.064,-0.145,-1.574,-0.104,-0.06,-0.076,-1.452,-1.556,-0.044,-0.116,-1.298,-0.08,-0.084,-0.084,-1.174,-1.249,-0.087,-0.166,-1.438,-1.518,-0.076,-0.152,-1.655,-1.723,-0.08,-0.136,-1.03,-0.092,-0.052,-0.112,-2.96,-3.077,-0.06,-0.135,-1.695,-1.778,-0.013,-0.093,-1.305,-1.378,-0.072,-0.123,-1.039,-0.116,0,-0.096,-1.882,-1.954,-0.088,-0.156,-0.885,-0.081,-0.052,-0.108,-0.909,-0.969,-0.068,-0.133,-0.953,-0.096,-1.568,-1.696,-0.043,-0.155,-2.364,-0.092,-1.318,-1.398,-0.1,-0.164,-0.894,-0.096,-0.036,-0.096,-1.034,-0.12,-0.108,-0.081,-0.777,-0.849,-0.048,-0.137,-0.781,-0.093,-0.128,-0.087,-0.939,-0.071,43
-0.079,-0.008,-0.089,-1.595,-1.666,-0.012,-0.093,-1.125,-1.189,-0.037,-0.108,-1.531,-0.077,-0.039,-0.072,-1.446,-1.495,-0.056,-0.112,-1.422,-0.117,-0.232,-0.067,-1.339,-1.397,-0.042,-0.127,-0.725,-0.798,-0.059,-0.128,-0.869,-0.945,-0.065,-0.12,-1.48,-1.567,-0.019,-0.12,-0.922,-0.994,-0.052,-0.144,-0.866,-0.119,-0.814,-0.12,-1.636,-1.763,-0.068,-0.144,-0.934,-1.042,-0.009,-0.084,-0.802,-0.854,-0.068,-0.149,-1.142,-1.209,-0.048,-0.16,-0.898,-0.951,-0.052,-0.127,-2.52,-0.097,-1.3,-1.313,-0.1,-0.14,-1.215,-0.072,-1.416,-1.481,-0.097,-0.145,-1.037,-0.083,-0.032,-0.109,-1.053,-0.096,-0.112,-0.077,-1.497,-1.537,-0.072,-0.151,-0.959,-1.035,-0.052,-0.128,-0.854,-0.076,43
-0.027,-0.064,-0.071,-0.092,-0.901,-0.084,-0.666,-0.729,-0.044,-0.117,-1.373,-0.084,-0.033,-0.083,-0.99,-1.066,-0.049,-0.12,-1.377,-1.49,-0.027,-0.133,-0.744,-0.821,-0.056,-0.144,-0.776,-0.841,-0.067,-0.144,-1.566,-1.634,-0.069,-0.136,-1.655,-1.727,-0.029,-0.142,-0.924,-0.988,-0.064,-0.152,-1.695,-1.783,-0.02,-0.151,-0.718,-0.774,-0.056,-0.141,-0.901,-0.116,-0.024,-0.116,-1.058,-1.141,-0.069,-0.144,-1.059,-1.142,-0.029,-0.161,-0.747,-0.802,-0.075,-0.139,-1.98,-0.112,-0.826,-0.899,-0.095,-0.176,-1.899,-0.087,-0.47,-0.545,-0.093,-0.148,-0.605,-0.688,-0.044,-0.144,-0.578,-0.104,-0.105,-0.135,-0.877,-0.957,-0.105,-0.216,-0.91,-0.969,-0.074,-0.173,-0.669,-0.111,-0.441,43
-0.016,-0.119,-1.324,-1.436,-0.019,-0.119,-0.858,-0.914,-0.071,-0.147,-0.914,-0.092,-0.024,-0.136,-0.74,-0.797,-0.06,-0.161,-1.081,-1.198,-0.028,-0.144,-0.81,-0.861,-0.1,-0.172,-0.938,-1.014,-0.06,-0.156,-0.786,-0.858,-0.071,-0.157,-0.735,-0.825,-0.015,-0.164,-0.725,-0.781,-0.08,-0.169,-1.226,-1.33,-0.007,-0.132,-0.82,-0.898,-0.051,-0.127,-1.435,-0.112,-0.007,-0.117,-0.821,-0.883,-0.084,-0.164,-1.04,-1.136,-0.024,-0.149,-0.68,-0.732,-0.064,-0.152,-1.748,-0.129,-0.734,-0.795,-0.119,-0.189,-1.274,-0.096,-0.552,-0.632,-0.108,-0.176,-0.733,-0.092,-0.069,-0.123,-1.575,-0.084,-0.109,-0.071,-0.521,-0.58,-0.044,-0.153,-0.629,-0.686,-0.063,-0.134,-0.11,-0.067,-0.921,43
-0.078,-0.02,-0.085,-0.893,-0.088,-0.013,-0.075,-1.205,-1.277,-0.048,-0.1,-1.286,-0.072,-0.04,-0.081,-1.094,-1.149,-0.068,-0.132,-0.9,-0.989,-0.025,-0.14,-1.158,-1.194,-0.082,-0.165,-0.777,-0.854,-0.068,-0.155,-0.977,-1.057,-0.049,-0.129,-0.933,-1.017,-0.024,-0.153,-1.357,-1.426,-0.052,-0.151,-1.014,-1.091,-0.019,-0.103,-1.219,-1.275,-0.063,-0.147,-0.942,-0.084,-0.032,-0.083,-1.756,-1.816,-0.091,-0.184,-1.09,-1.202,-0.019,-0.123,-0.967,-1.015,-0.067,-0.16,-1.337,-0.109,-0.756,-0.808,-0.089,-0.169,-1.315,-0.082,-0.774,-0.835,-0.112,-0.167,-0.892,-0.073,-0.06,-0.088,-0.520,-0.1,-0.12,-0.08,-0.863,-0.918,-0.069,-0.165,-0.636,-0.71,-0.074,-0.162,-0.943,-0.144,43
